1000,BRUXELLES,Non,Bruxelles (19 communes)
1005,Assemblée Réunie de la Commission Communautaire,,
1006,Raad van de Vlaamse Gemeenschapscommissie ,,
1007,Assemblée de la Commission Communautaire Française,,
1008,Chambre des Représentants,,
1009,Senat de Belgique,,
1011,Vlaams parlement,,
1012,Parlement de la Communauté française,,
1020,Laeken,Oui,Bruxelles (19 communes)
1030,SCHAERBEEK,Non,Bruxelles (19 communes)
1031,Organisations Sociales Chrétiennes,,
1033,RTL-TVI,,
1035,Ministère de la Région de Bruxelles Capitale,,
1040,ETTERBEEK,Non,Bruxelles (19 communes)
1041,International Press Center,,
1043,VRT,,
1044,RTBF,,
1046,European External Action Service,,
1047,Parlement Européen,,
1048,Union Européenne - Conseil,,
1049,Union Européenne - Commission,,
1050,IXELLES,Non,Bruxelles (19 communes)
1060,SAINT-GILLES,Non,Bruxelles (19 communes)
1070,ANDERLECHT,Non,Bruxelles (19 communes)
1080,MOLENBEEK-SAINT-JEAN,Non,Bruxelles (19 communes)
1081,KOEKELBERG,Non,Bruxelles (19 communes)
1082,BERCHEM-SAINTE-AGATHE,Non,Bruxelles (19 communes)
1083,GANSHOREN,Non,Bruxelles (19 communes)
1090,JETTE,Non,Bruxelles (19 communes)
1099,Bruxelles X,,
1100,Postcheque,,
1101,Scanning,,
1105,SOC,,
1110,OTAN,,
1120,Neder-Over-Heembeek,Oui,Bruxelles (19 communes)
1130,Haren,Oui,Bruxelles (19 communes)
1140,EVERE,Non,Bruxelles (19 communes)
1150,WOLUWE-SAINT-PIERRE,Non,Bruxelles (19 communes)
1160,AUDERGHEM,Non,Bruxelles (19 communes)
1170,WATERMAEL-BOITSFORT,Non,Bruxelles (19 communes)
1180,UCCLE,Non,Bruxelles (19 communes)
1190,FOREST,Non,Bruxelles (19 communes)
1200,WOLUWE-SAINT-LAMBERT,Non,Bruxelles (19 communes)
1210,SAINT-JOSSE-TEN-NOODE,Non,Bruxelles (19 communes)
1212,SPF Mobilité,,
1300,Limal,Oui,Brabant Wallon
1300,WAVRE,Non,Brabant Wallon
1301,Bierges,Oui,Brabant Wallon
1310,LA HULPE,Non,Brabant Wallon
1315,Glimes,Oui,Brabant Wallon
1315,INCOURT,Non,Brabant Wallon
1315,Opprebais,Oui,Brabant Wallon
1315,Piètrebais,Oui,Brabant Wallon
1315,Roux-Miroir,Oui,Brabant Wallon
1320,BEAUVECHAIN,Non,Brabant Wallon
1320,Hamme-Mille,Oui,Brabant Wallon
1320,L'Ecluse,Oui,Brabant Wallon
1320,Nodebais,Oui,Brabant Wallon
1320,Tourinnes-La-Grosse,Oui,Brabant Wallon
1325,Bonlez,Oui,Brabant Wallon
1325,CHAUMONT-GISTOUX,Non,Brabant Wallon
1325,Corroy-Le-Grand,Oui,Brabant Wallon
1325,Dion-Valmont,Oui,Brabant Wallon
1325,Longueville,Oui,Brabant Wallon
1330,RIXENSART,Non,Brabant Wallon
1331,Rosières,Oui,Brabant Wallon
1332,Genval,Oui,Brabant Wallon
1340,Ottignies,Oui,Brabant Wallon
1340,OTTIGNIES-LOUVAIN-LA-NEUVE,Non,Brabant Wallon
1341,Céroux-Mousty,Oui,Brabant Wallon
1342,Limelette,Oui,Brabant Wallon
1348,Louvain-La-Neuve,Oui,Brabant Wallon
1350,Enines,Oui,Brabant Wallon
1350,Folx-Les-Caves,Oui,Brabant Wallon
1350,Jandrain-Jandrenouille,Oui,Brabant Wallon
1350,Jauche,Oui,Brabant Wallon
1350,Marilles,Oui,Brabant Wallon
1350,Noduwez,Oui,Brabant Wallon
1350,ORP-JAUCHE,Non,Brabant Wallon
1350,Orp-Le-Grand,Oui,Brabant Wallon
1357,HÉLÉCINE,Non,Brabant Wallon
1357,Linsmeau,Oui,Brabant Wallon
1357,Neerheylissem,Oui,Brabant Wallon
1357,Opheylissem,Oui,Brabant Wallon
1360,Malèves-Sainte-Marie-Wastines,Oui,Brabant Wallon
1360,Orbais,Oui,Brabant Wallon
1360,PERWEZ,Non,Brabant Wallon
1360,Thorembais-Les-Béguines,Oui,Brabant Wallon
1360,Thorembais-Saint-Trond,Oui,Brabant Wallon
1367,Autre-Eglise,Oui,Brabant Wallon
1367,Bomal,Oui,Brabant Wallon
1367,Geest-Gérompont-Petit-Rosière,Oui,Brabant Wallon
1367,Gérompont,Oui,Brabant Wallon
1367,Grand-Rosière-Hottomont,Oui,Brabant Wallon
1367,Huppaye,Oui,Brabant Wallon
1367,Mont-Saint-André,Oui,Brabant Wallon
1367,RAMILLIES,Non,Brabant Wallon
1370,Dongelberg,Oui,Brabant Wallon
1370,Jauchelette,Oui,Brabant Wallon
1370,JODOIGNE,Non,Brabant Wallon
1370,Jodoigne-Souveraine,Oui,Brabant Wallon
1370,Lathuy,Oui,Brabant Wallon
1370,Mélin,Oui,Brabant Wallon
1370,Piétrain,Oui,Brabant Wallon
1370,Saint-Jean-Geest,Oui,Brabant Wallon
1370,Saint-Remy-Geest,Oui,Brabant Wallon
1370,Zétrud-Lumay,Oui,Brabant Wallon
1380,Couture-Saint-Germain,Oui,Brabant Wallon
1380,LASNE,Non,Brabant Wallon
1380,Lasne-Chapelle-Saint-Lambert,Oui,Brabant Wallon
1380,Maransart,Oui,Brabant Wallon
1380,Ohain,Oui,Brabant Wallon
1380,Plancenoit,Oui,Brabant Wallon
1390,Archennes,Oui,Brabant Wallon
1390,Biez,Oui,Brabant Wallon
1390,Bossut-Gottechain,Oui,Brabant Wallon
1390,GREZ-DOICEAU,Non,Brabant Wallon
1390,Nethen,Oui,Brabant Wallon
1400,Monstreux,Oui,Brabant Wallon
1400,NIVELLES,Non,Brabant Wallon
1401,Baulers,Oui,Brabant Wallon
1402,Thines,Oui,Brabant Wallon
1404,Bornival,Oui,Brabant Wallon
1410,WATERLOO,Non,Brabant Wallon
1420,BRAINE-L'ALLEUD,Non,Brabant Wallon
1421,Ophain-Bois-Seigneur-Isaac,Oui,Brabant Wallon
1428,Lillois-Witterzée,Oui,Brabant Wallon
1430,Bierghes,Oui,Brabant Wallon
1430,Quenast,Oui,Brabant Wallon
1430,REBECQ,Non,Brabant Wallon
1430,Rebecq-Rognon,Oui,Brabant Wallon
1435,Corbais,Oui,Brabant Wallon
1435,Hévillers,Oui,Brabant Wallon
1435,MONT-SAINT-GUIBERT,Non,Brabant Wallon
1440,BRAINE-LE-CHÂTEAU,Non,Brabant Wallon
1440,Wauthier-Braine,Oui,Brabant Wallon
1450,CHASTRE,Non,Brabant Wallon
1450,Chastre-Villeroux-Blanmont,Oui,Brabant Wallon
1450,Cortil-Noirmont,Oui,Brabant Wallon
1450,Gentinnes,Oui,Brabant Wallon
1450,Saint-Géry,Oui,Brabant Wallon
1457,Nil-Saint-Vincent-Saint-Martin,Oui,Brabant Wallon
1457,Tourinnes-Saint-Lambert,Oui,Brabant Wallon
1457,WALHAIN,Non,Brabant Wallon
1457,Walhain-Saint-Paul,Oui,Brabant Wallon
1460,ITTRE,Non,Brabant Wallon
1460,Virginal-Samme,Oui,Brabant Wallon
1461,Haut-Ittre,Oui,Brabant Wallon
1470,Baisy-Thy,Oui,Brabant Wallon
1470,Bousval,Oui,Brabant Wallon
1470,GENAPPE,Non,Brabant Wallon
1471,Loupoigne,Oui,Brabant Wallon
1472,Vieux-Genappe,Oui,Brabant Wallon
1473,Glabais,Oui,Brabant Wallon
1474,Ways,Oui,Brabant Wallon
1476,Houtain-Le-Val,Oui,Brabant Wallon
1480,Clabecq,Oui,Brabant Wallon
1480,Oisquercq,Oui,Brabant Wallon
1480,Saintes,Oui,Brabant Wallon
1480,TUBIZE,Non,Brabant Wallon
1490,COURT-SAINT-ETIENNE,Non,Brabant Wallon
1495,Marbais,Oui,Brabant Wallon
1495,Mellery,Oui,Brabant Wallon
1495,Sart-Dames-Avelines,Oui,Brabant Wallon
1495,Tilly,Oui,Brabant Wallon
1495,VILLERS-LA-VILLE,Non,Brabant Wallon
1500,HALLE,Non,Brabant Flamand
1501,Buizingen,Oui,Brabant Flamand
1502,Lembeek,Oui,Brabant Flamand
1540,Herfelingen,Oui,Brabant Flamand
1540,HERNE,Non,Brabant Flamand
1541,Sint-Pieters-Kapelle,Oui,Brabant Flamand
1547,BIÉVÈNE,Non,Brabant Flamand
1560,HOEILAART,Non,Brabant Flamand
1570,GALMAARDEN,Non,Brabant Flamand
1570,Tollembeek,Oui,Brabant Flamand
1570,Vollezele,Oui,Brabant Flamand
1600,Oudenaken,Oui,Brabant Flamand
1600,Sint-Laureins-Berchem,Oui,Brabant Flamand
1600,SINT-PIETERS-LEEUW,Non,Brabant Flamand
1601,Ruisbroek,Oui,Brabant Flamand
1602,Vlezenbeek,Oui,Brabant Flamand
1620,DROGENBOS,Non,Brabant Flamand
1630,LINKEBEEK,Non,Brabant Flamand
1640,RHODE-SAINT-GENÈSE,Non,Brabant Flamand
1650,BEERSEL,Non,Brabant Flamand
1651,Lot,Oui,Brabant Flamand
1652,Alsemberg,Oui,Brabant Flamand
1653,Dworp,Oui,Brabant Flamand
1654,Huizingen,Oui,Brabant Flamand
1670,Bogaarden,Oui,Brabant Flamand
1670,Heikruis,Oui,Brabant Flamand
1670,PEPINGEN,Non,Brabant Flamand
1671,Elingen,Oui,Brabant Flamand
1673,Beert,Oui,Brabant Flamand
1674,Bellingen,Oui,Brabant Flamand
1700,DILBEEK,Non,Brabant Flamand
1700,Sint-Martens-Bodegem,Oui,Brabant Flamand
1700,Sint-Ulriks-Kapelle,Oui,Brabant Flamand
1701,Itterbeek,Oui,Brabant Flamand
1702,Groot-Bijgaarden,Oui,Brabant Flamand
1703,Schepdaal,Oui,Brabant Flamand
1730,ASSE,Non,Brabant Flamand
1730,Bekkerzeel,Oui,Brabant Flamand
1730,Kobbegem,Oui,Brabant Flamand
1730,Mollem,Oui,Brabant Flamand
1731,Relegem,Oui,Brabant Flamand
1731,Zellik,Oui,Brabant Flamand
1733,HighCo DATA,,
1740,TERNAT,Non,Brabant Flamand
1741,Wambeek,Oui,Brabant Flamand
1742,Sint-Katherina-Lombeek,Oui,Brabant Flamand
1745,Mazenzele,Oui,Brabant Flamand
1745,OPWIJK,Non,Brabant Flamand
1750,Gaasbeek,Oui,Brabant Flamand
1750,LENNIK,Non,Brabant Flamand
1750,Sint-Kwintens-Lennik,Oui,Brabant Flamand
1750,Sint-Martens-Lennik,Oui,Brabant Flamand
1755,GOOIK,Non,Brabant Flamand
1755,Kester,Oui,Brabant Flamand
1755,Leerbeek,Oui,Brabant Flamand
1755,Oetingen,Oui,Brabant Flamand
1760,Onze-Lieve-Vrouw-Lombeek,Oui,Brabant Flamand
1760,Pamel,Oui,Brabant Flamand
1760,ROOSDAAL,Non,Brabant Flamand
1760,Strijtem,Oui,Brabant Flamand
1761,Borchtlombeek,Oui,Brabant Flamand
1770,LIEDEKERKE,Non,Brabant Flamand
1780,WEMMEL,Non,Brabant Flamand
1785,Brussegem,Oui,Brabant Flamand
1785,Hamme,Oui,Brabant Flamand
1785,MERCHTEM,Non,Brabant Flamand
1790,AFFLIGEM,Non,Brabant Flamand
1790,Essene,Oui,Brabant Flamand
1790,Hekelgem,Oui,Brabant Flamand
1790,Teralfene,Oui,Brabant Flamand
1800,Peutie,Oui,Brabant Flamand
1800,VILVOORDE,Non,Brabant Flamand
1804,Cargovil,,
1818,VTM,,
1820,Melsbroek,Oui,Brabant Flamand
1820,Perk,Oui,Brabant Flamand
1820,STEENOKKERZEEL,Non,Brabant Flamand
1830,MACHELEN,Non,Brabant Flamand
1831,Diegem,Oui,Brabant Flamand
1840,LONDERZEEL,Non,Brabant Flamand
1840,Malderen,Oui,Brabant Flamand
1840,Steenhuffel,Oui,Brabant Flamand
1850,GRIMBERGEN,Non,Brabant Flamand
1851,Humbeek,Oui,Brabant Flamand
1852,Beigem,Oui,Brabant Flamand
1853,Strombeek-Bever,Oui,Brabant Flamand
1860,MEISE,Non,Brabant Flamand
1861,Wolvertem,Oui,Brabant Flamand
1880,KAPELLE-OP-DEN-BOS,Non,Brabant Flamand
1880,Nieuwenrode,Oui,Brabant Flamand
1880,Ramsdonk,Oui,Brabant Flamand
1910,Berg,Oui,Brabant Flamand
1910,Buken,Oui,Brabant Flamand
1910,KAMPENHOUT,Non,Brabant Flamand
1910,Nederokkerzeel,Oui,Brabant Flamand
1930,Nossegem,Oui,Brabant Flamand
1930,ZAVENTEM,Non,Brabant Flamand
1931,Brucargo,,
1932,Sint-Stevens-Woluwe,Oui,Brabant Flamand
1933,Sterrebeek,Oui,Brabant Flamand
1934,Office Exchange Brussels Airport Remailing,,
1935,Corporate Village,,
1950,KRAAINEM,Non,Brabant Flamand
1970,WEZEMBEEK-OPPEM,Non,Brabant Flamand
1980,Eppegem,Oui,Brabant Flamand
1980,ZEMST,Non,Brabant Flamand
1981,Hofstade,Oui,Brabant Flamand
1982,Elewijt,Oui,Brabant Flamand
1982,Weerde,Oui,Brabant Flamand
2000,ANTWERPEN,Non,Anvers
2018,ANTWERPEN,Non,Anvers
2020,ANTWERPEN,Non,Anvers
2030,ANTWERPEN,Non,Anvers
2040,ANTWERPEN,Non,Anvers
2040,Berendrecht,Oui,Anvers
2040,Lillo,Oui,Anvers
2040,Zandvliet,Oui,Anvers
2050,ANTWERPEN,Non,Anvers
2060,ANTWERPEN,Non,Anvers
2070,Burcht,Oui,Anvers
2070,ZWIJNDRECHT,Non,Anvers
2075,CSM Antwerpen X,,
2099,Antwerpen x,,
2100,Deurne,Oui,Anvers
2110,WIJNEGEM,Non,Anvers
2140,Borgerhout,Oui,Anvers
2150,BORSBEEK,Non,Anvers
2160,WOMMELGEM,Non,Anvers
2170,Merksem,Oui,Anvers
2180,Ekeren,Oui,Anvers
2200,HERENTALS,Non,Anvers
2200,Morkhoven,Oui,Anvers
2200,Noorderwijk,Oui,Anvers
2220,Hallaar,Oui,Anvers
2220,HEIST-OP-DEN-BERG,Non,Anvers
2221,Booischot,Oui,Anvers
2222,Itegem,Oui,Anvers
2222,Wiekevorst,Oui,Anvers
2223,Schriek,Oui,Anvers
2230,HERSELT,Non,Anvers
2230,Ramsel,Oui,Anvers
2235,Houtvenne,Oui,Anvers
2235,HULSHOUT,Non,Anvers
2235,Westmeerbeek,Oui,Anvers
2240,Massenhoven,Oui,Anvers
2240,Viersel,Oui,Anvers
2240,ZANDHOVEN,Non,Anvers
2242,Pulderbos,Oui,Anvers
2243,Pulle,Oui,Anvers
2250,OLEN,Non,Anvers
2260,Oevel,Oui,Anvers
2260,Tongerlo,Oui,Anvers
2260,WESTERLO,Non,Anvers
2260,Zoerle-Parwijs,Oui,Anvers
2270,HERENTHOUT,Non,Anvers
2275,Gierle,Oui,Anvers
2275,LILLE,Non,Anvers
2275,Poederlee,Oui,Anvers
2275,Wechelderzande,Oui,Anvers
2280,GROBBENDONK,Non,Anvers
2288,Bouwel,Oui,Anvers
2290,VORSELAAR,Non,Anvers
2300,TURNHOUT,Non,Anvers
2310,RIJKEVORSEL,Non,Anvers
2320,HOOGSTRATEN,Non,Anvers
2321,Meer,Oui,Anvers
2322,Minderhout,Oui,Anvers
2323,Wortel,Oui,Anvers
2328,Meerle,Oui,Anvers
2330,MERKSPLAS,Non,Anvers
2340,BEERSE,Non,Anvers
2340,Vlimmeren,Oui,Anvers
2350,VOSSELAAR,Non,Anvers
2360,OUD-TURNHOUT,Non,Anvers
2370,ARENDONK,Non,Anvers
2380,RAVELS,Non,Anvers
2381,Weelde,Oui,Anvers
2382,Poppel,Oui,Anvers
2387,BAARLE-HERTOG,Non,Anvers
2390,MALLE,Non,Anvers
2390,Oostmalle,Oui,Anvers
2390,Westmalle,Oui,Anvers
2400,MOL,Non,Anvers
2430,Eindhout,Oui,Anvers
2430,LAAKDAL,Non,Anvers
2430,Vorst,Oui,Anvers
2431,Varendonk,Oui,Anvers
2431,Veerle,Oui,Anvers
2440,GEEL,Non,Anvers
2450,MEERHOUT,Non,Anvers
2460,KASTERLEE,Non,Anvers
2460,Lichtaart,Oui,Anvers
2460,Tielen,Oui,Anvers
2470,RETIE,Non,Anvers
2480,DESSEL,Non,Anvers
2490,BALEN,Non,Anvers
2491,Olmen,Oui,Anvers
2500,Koningshooikt,Oui,Anvers
2500,LIER,Non,Anvers
2520,Broechem,Oui,Anvers
2520,Emblem,Oui,Anvers
2520,Oelegem,Oui,Anvers
2520,RANST,Non,Anvers
2530,BOECHOUT,Non,Anvers
2531,Vremde,Oui,Anvers
2540,HOVE,Non,Anvers
2547,LINT,Non,Anvers
2550,KONTICH,Non,Anvers
2550,Waarloos,Oui,Anvers
2560,Bevel,Oui,Anvers
2560,Kessel,Oui,Anvers
2560,NIJLEN,Non,Anvers
2570,DUFFEL,Non,Anvers
2580,Beerzel,Oui,Anvers
2580,PUTTE,Non,Anvers
2590,BERLAAR,Non,Anvers
2590,Gestel,Oui,Anvers
2600,Berchem,Oui,Anvers
2610,Wilrijk,Oui,Anvers
2620,HEMIKSEM,Non,Anvers
2627,SCHELLE,Non,Anvers
2630,AARTSELAAR,Non,Anvers
2640,MORTSEL,Non,Anvers
2650,EDEGEM,Non,Anvers
2660,Hoboken,Oui,Anvers
2800,MECHELEN,Non,Anvers
2800,Walem,Oui,Anvers
2801,Heffen,Oui,Anvers
2811,Hombeek,Oui,Anvers
2811,Leest,Oui,Anvers
2812,Muizen,Oui,Anvers
2820,BONHEIDEN,Non,Anvers
2820,Rijmenam,Oui,Anvers
2830,Blaasveld,Oui,Anvers
2830,Heindonk,Oui,Anvers
2830,Tisselt,Oui,Anvers
2830,WILLEBROEK,Non,Anvers
2840,Reet,Oui,Anvers
2840,RUMST,Non,Anvers
2840,Terhagen,Oui,Anvers
2845,NIEL,Non,Anvers
2850,BOOM,Non,Anvers
2860,SINT-KATELIJNE-WAVER,Non,Anvers
2861,Onze-Lieve-Vrouw-Waver,Oui,Anvers
2870,Breendonk,Oui,Anvers
2870,Liezele,Oui,Anvers
2870,PUURS,Non,Anvers
2870,Ruisbroek,Oui,Anvers
2880,BORNEM,Non,Anvers
2880,Hingene,Oui,Anvers
2880,Mariekerke,Oui,Anvers
2880,Weert,Oui,Anvers
2890,Lippelo,Oui,Anvers
2890,Oppuurs,Oui,Anvers
2890,SINT-AMANDS,Non,Anvers
2900,SCHOTEN,Non,Anvers
2910,ESSEN,Non,Anvers
2920,KALMTHOUT,Non,Anvers
2930,BRASSCHAAT,Non,Anvers
2940,Hoevenen,Oui,Anvers
2940,STABROEK,Non,Anvers
2950,KAPELLEN,Non,Anvers
2960,BRECHT,Non,Anvers
2960,Sint-Job-In-'T-Goor,Oui,Anvers
2960,Sint-Lenaarts,Oui,Anvers
2970,'S Gravenwezel,Oui,Anvers
2970,SCHILDE,Non,Anvers
2980,Halle,Oui,Anvers
2980,ZOERSEL,Non,Anvers
2990,Loenhout,Oui,Anvers
2990,WUUSTWEZEL,Non,Anvers
3000,LEUVEN,Non,Brabant Flamand
3001,Heverlee,Oui,Brabant Flamand
3010,Kessel Lo,Oui,Brabant Flamand
3012,Wilsele,Oui,Brabant Flamand
3018,Wijgmaal,Oui,Brabant Flamand
3020,HERENT,Non,Brabant Flamand
3020,Veltem-Beisem,Oui,Brabant Flamand
3020,Winksele,Oui,Brabant Flamand
3040,HULDENBERG,Non,Brabant Flamand
3040,Loonbeek,Oui,Brabant Flamand
3040,Neerijse,Oui,Brabant Flamand
3040,Ottenburg,Oui,Brabant Flamand
3040,Sint-Agatha-Rode,Oui,Brabant Flamand
3050,OUD-HEVERLEE,Non,Brabant Flamand
3051,Sint-Joris-Weert,Oui,Brabant Flamand
3052,Blanden,Oui,Brabant Flamand
3053,Haasrode,Oui,Brabant Flamand
3054,Vaalbeek,Oui,Brabant Flamand
3060,BERTEM,Non,Brabant Flamand
3060,Korbeek-Dijle,Oui,Brabant Flamand
3061,Leefdaal,Oui,Brabant Flamand
3070,KORTENBERG,Non,Brabant Flamand
3071,Erps-Kwerps,Oui,Brabant Flamand
3078,Everberg,Oui,Brabant Flamand
3078,Meerbeek,Oui,Brabant Flamand
3080,Duisburg,Oui,Brabant Flamand
3080,TERVUREN,Non,Brabant Flamand
3080,Vossem,Oui,Brabant Flamand
3090,OVERIJSE,Non,Brabant Flamand
3110,ROTSELAAR,Non,Brabant Flamand
3111,Wezemaal,Oui,Brabant Flamand
3118,Werchter,Oui,Brabant Flamand
3120,TREMELO,Non,Brabant Flamand
3128,Baal,Oui,Brabant Flamand
3130,BEGIJNENDIJK,Non,Brabant Flamand
3130,Betekom,Oui,Brabant Flamand
3140,KEERBERGEN,Non,Brabant Flamand
3150,HAACHT,Non,Brabant Flamand
3150,Tildonk,Oui,Brabant Flamand
3150,Wespelaar,Oui,Brabant Flamand
3190,BOORTMEERBEEK,Non,Brabant Flamand
3191,Hever,Oui,Brabant Flamand
3200,AARSCHOT,Non,Brabant Flamand
3200,Gelrode,Oui,Brabant Flamand
3201,Langdorp,Oui,Brabant Flamand
3202,Rillaar,Oui,Brabant Flamand
3210,Linden,Oui,Brabant Flamand
3210,LUBBEEK,Non,Brabant Flamand
3211,Binkom,Oui,Brabant Flamand
3212,Pellenberg,Oui,Brabant Flamand
3220,HOLSBEEK,Non,Brabant Flamand
3220,Kortrijk-Dutsel,Oui,Brabant Flamand
3220,Sint-Pieters-Rode,Oui,Brabant Flamand
3221,Nieuwrode,Oui,Brabant Flamand
3270,Scherpenheuvel,Oui,Brabant Flamand
3270,SCHERPENHEUVEL-ZICHEM,Non,Brabant Flamand
3271,Averbode,Oui,Brabant Flamand
3271,Zichem,Oui,Brabant Flamand
3272,Messelbroek,Oui,Brabant Flamand
3272,Testelt,Oui,Brabant Flamand
3290,Deurne,Oui,Brabant Flamand
3290,DIEST,Non,Brabant Flamand
3290,Schaffen,Oui,Brabant Flamand
3290,Webbekom,Oui,Brabant Flamand
3293,Kaggevinne,Oui,Brabant Flamand
3294,Molenstede,Oui,Brabant Flamand
3300,Bost,Oui,Brabant Flamand
3300,Goetsenhoven,Oui,Brabant Flamand
3300,Hakendover,Oui,Brabant Flamand
3300,Kumtich,Oui,Brabant Flamand
3300,Oorbeek,Oui,Brabant Flamand
3300,Oplinter,Oui,Brabant Flamand
3300,Sint-Margriete-Houtem,Oui,Brabant Flamand
3300,TIENEN,Non,Brabant Flamand
3300,Vissenaken,Oui,Brabant Flamand
3320,HOEGAARDEN,Non,Brabant Flamand
3320,Meldert,Oui,Brabant Flamand
3321,Outgaarden,Oui,Brabant Flamand
3350,Drieslinter,Oui,Brabant Flamand
3350,LINTER,Non,Brabant Flamand
3350,Melkwezer,Oui,Brabant Flamand
3350,Neerhespen,Oui,Brabant Flamand
3350,Neerlinter,Oui,Brabant Flamand
3350,Orsmaal-Gussenhoven,Oui,Brabant Flamand
3350,Overhespen,Oui,Brabant Flamand
3350,Wommersom,Oui,Brabant Flamand
3360,BIERBEEK,Non,Brabant Flamand
3360,Korbeek-Lo,Oui,Brabant Flamand
3360,Lovenjoel,Oui,Brabant Flamand
3360,Opvelp,Oui,Brabant Flamand
3370,BOUTERSEM,Non,Brabant Flamand
3370,Kerkom,Oui,Brabant Flamand
3370,Neervelp,Oui,Brabant Flamand
3370,Roosbeek,Oui,Brabant Flamand
3370,Vertrijk,Oui,Brabant Flamand
3370,Willebringen,Oui,Brabant Flamand
3380,Bunsbeek,Oui,Brabant Flamand
3380,GLABBEEK,Non,Brabant Flamand
3381,Kapellen,Oui,Brabant Flamand
3384,Attenrode,Oui,Brabant Flamand
3390,Houwaart,Oui,Brabant Flamand
3390,Sint-Joris-Winge,Oui,Brabant Flamand
3390,Tielt,Oui,Brabant Flamand
3390,TIELT-WINGE,Non,Brabant Flamand
3391,Meensel-Kiezegem,Oui,Brabant Flamand
3400,Eliksem,Oui,Brabant Flamand
3400,Ezemaal,Oui,Brabant Flamand
3400,Laar,Oui,Brabant Flamand
3400,LANDEN,Non,Brabant Flamand
3400,Neerwinden,Oui,Brabant Flamand
3400,Overwinden,Oui,Brabant Flamand
3400,Rumsdorp,Oui,Brabant Flamand
3400,Wange,Oui,Brabant Flamand
3401,Waasmont,Oui,Brabant Flamand
3401,Walsbets,Oui,Brabant Flamand
3401,Walshoutem,Oui,Brabant Flamand
3401,Wezeren,Oui,Brabant Flamand
3404,Attenhoven,Oui,Brabant Flamand
3404,Neerlanden,Oui,Brabant Flamand
3440,Budingen,Oui,Brabant Flamand
3440,Dormaal,Oui,Brabant Flamand
3440,Halle-Booienhoven,Oui,Brabant Flamand
3440,Helen-Bos,Oui,Brabant Flamand
3440,ZOUTLEEUW,Non,Brabant Flamand
3450,GEETBETS,Non,Brabant Flamand
3450,Grazen,Oui,Brabant Flamand
3454,Rummen,Oui,Brabant Flamand
3460,Assent,Oui,Brabant Flamand
3460,BEKKEVOORT,Non,Brabant Flamand
3461,Molenbeek-Wersbeek,Oui,Brabant Flamand
3470,KORTENAKEN,Non,Brabant Flamand
3470,Ransberg,Oui,Brabant Flamand
3470,Sint-Margriete-Houtem,Oui,Brabant Flamand
3471,Hoeleden,Oui,Brabant Flamand
3472,Kersbeek-Miskom,Oui,Brabant Flamand
3473,Waanrode,Oui,Brabant Flamand
3500,HASSELT,Non,Limbourg
3500,Sint-Lambrechts-Herk,Oui,Limbourg
3501,Wimmertingen,Oui,Limbourg
3510,Kermt,Oui,Limbourg
3510,Spalbeek,Oui,Limbourg
3511,Kuringen,Oui,Limbourg
3511,Stokrooie,Oui,Limbourg
3512,Stevoort,Oui,Limbourg
3520,ZONHOVEN,Non,Limbourg
3530,Helchteren,Oui,Limbourg
3530,Houthalen,Oui,Limbourg
3530,HOUTHALEN-HELCHTEREN,Non,Limbourg
3540,Berbroek,Oui,Limbourg
3540,Donk,Oui,Limbourg
3540,HERK-DE-STAD,Non,Limbourg
3540,Schulen,Oui,Limbourg
3545,HALEN,Non,Limbourg
3545,Loksbergen,Oui,Limbourg
3545,Zelem,Oui,Limbourg
3550,Heusden,Oui,Limbourg
3550,HEUSDEN-ZOLDER,Non,Limbourg
3550,Zolder,Oui,Limbourg
3560,Linkhout,Oui,Limbourg
3560,LUMMEN,Non,Limbourg
3560,Meldert,Oui,Limbourg
3570,ALKEN,Non,Limbourg
3580,BERINGEN,Non,Limbourg
3581,Beverlo,Oui,Limbourg
3582,Koersel,Oui,Limbourg
3583,Paal,Oui,Limbourg
3590,DIEPENBEEK,Non,Limbourg
3600,GENK,Non,Limbourg
3620,Gellik,Oui,Limbourg
3620,LANAKEN,Non,Limbourg
3620,Neerharen,Oui,Limbourg
3620,Veldwezelt,Oui,Limbourg
3621,Rekem,Oui,Limbourg
3630,Eisden,Oui,Limbourg
3630,Leut,Oui,Limbourg
3630,MAASMECHELEN,Non,Limbourg
3630,Mechelen-Aan-De-Maas,Oui,Limbourg
3630,Meeswijk,Oui,Limbourg
3630,Opgrimbie,Oui,Limbourg
3630,Vucht,Oui,Limbourg
3631,Boorsem,Oui,Limbourg
3631,Uikhoven,Oui,Limbourg
3640,Kessenich,Oui,Limbourg
3640,KINROOI,Non,Limbourg
3640,Molenbeersel,Oui,Limbourg
3640,Ophoven,Oui,Limbourg
3650,Dilsen,Oui,Limbourg
3650,DILSEN-STOKKEM,Non,Limbourg
3650,Elen,Oui,Limbourg
3650,Lanklaar,Oui,Limbourg
3650,Rotem,Oui,Limbourg
3650,Stokkem,Oui,Limbourg
3660,OPGLABBEEK,Non,Limbourg
3665,AS,Non,Limbourg
3668,Niel-Bij-As,Oui,Limbourg
3670,Ellikom,Oui,Limbourg
3670,Gruitrode,Oui,Limbourg
3670,Meeuwen,Oui,Limbourg
3670,MEEUWEN-GRUITRODE,Non,Limbourg
3670,Neerglabbeek,Oui,Limbourg
3670,Wijshagen,Oui,Limbourg
3680,MAASEIK,Non,Limbourg
3680,Neeroeteren,Oui,Limbourg
3680,Opoeteren,Oui,Limbourg
3690,ZUTENDAAL,Non,Limbourg
3700,'S Herenelderen,Oui,Limbourg
3700,Berg,Oui,Limbourg
3700,Diets-Heur,Oui,Limbourg
3700,Haren,Oui,Limbourg
3700,Henis,Oui,Limbourg
3700,Kolmont,Oui,Limbourg
3700,Koninksem,Oui,Limbourg
3700,Lauw,Oui,Limbourg
3700,Mal,Oui,Limbourg
3700,Neerrepen,Oui,Limbourg
3700,Nerem,Oui,Limbourg
3700,Overrepen,Oui,Limbourg
3700,Piringen,Oui,Limbourg
3700,Riksingen,Oui,Limbourg
3700,Rutten,Oui,Limbourg
3700,Sluizen,Oui,Limbourg
3700,TONGEREN,Non,Limbourg
3700,Vreren,Oui,Limbourg
3700,Widooie,Oui,Limbourg
3717,HERSTAPPE,Non,Limbourg
3720,KORTESSEM,Non,Limbourg
3721,Vliermaalroot,Oui,Limbourg
3722,Wintershoven,Oui,Limbourg
3723,Guigoven,Oui,Limbourg
3724,Vliermaal,Oui,Limbourg
3730,HOESELT,Non,Limbourg
3730,Romershoven,Oui,Limbourg
3730,Sint-Huibrechts-Hern,Oui,Limbourg
3730,Werm,Oui,Limbourg
3732,Schalkhoven,Oui,Limbourg
3740,Beverst,Oui,Limbourg
3740,BILZEN,Non,Limbourg
3740,Eigenbilzen,Oui,Limbourg
3740,Grote-Spouwen,Oui,Limbourg
3740,Hees,Oui,Limbourg
3740,Kleine-Spouwen,Oui,Limbourg
3740,Mopertingen,Oui,Limbourg
3740,Munsterbilzen,Oui,Limbourg
3740,Rijkhoven,Oui,Limbourg
3740,Rosmeer,Oui,Limbourg
3740,Waltwilder,Oui,Limbourg
3742,Martenslinde,Oui,Limbourg
3746,Hoelbeek,Oui,Limbourg
3770,Genoelselderen,Oui,Limbourg
3770,Herderen,Oui,Limbourg
3770,Kanne,Oui,Limbourg
3770,Membruggen,Oui,Limbourg
3770,Millen,Oui,Limbourg
3770,RIEMST,Non,Limbourg
3770,Val-Meer,Oui,Limbourg
3770,Vlijtingen,Oui,Limbourg
3770,Vroenhoven,Oui,Limbourg
3770,Zichen-Zussen-Bolder,Oui,Limbourg
3790,Fouron-Saint-Martin,Oui,Limbourg
3790,FOURONS,Non,Limbourg
3790,Mouland,Oui,Limbourg
3791,Remersdaal,Oui,Limbourg
3792,Fouron-Saint-Pierre,Oui,Limbourg
3793,Teuven,Oui,Limbourg
3798,Fouron-Le-Comte,Oui,Limbourg
3800,Aalst,Oui,Limbourg
3800,Brustem,Oui,Limbourg
3800,Engelmanshoven,Oui,Limbourg
3800,Gelinden,Oui,Limbourg
3800,Groot-Gelmen,Oui,Limbourg
3800,Halmaal,Oui,Limbourg
3800,Kerkom-Bij-Sint-Truiden,Oui,Limbourg
3800,Ordingen,Oui,Limbourg
3800,SINT-TRUIDEN,Non,Limbourg
3800,Zepperen,Oui,Limbourg
3803,Duras,Oui,Limbourg
3803,Gorsem,Oui,Limbourg
3803,Runkelen,Oui,Limbourg
3803,Wilderen,Oui,Limbourg
3806,Velm,Oui,Limbourg
3830,Berlingen,Oui,Limbourg
3830,WELLEN,Non,Limbourg
3831,Herten,Oui,Limbourg
3832,Ulbeek,Oui,Limbourg
3840,Bommershoven,Oui,Limbourg
3840,BORGLOON,Non,Limbourg
3840,Broekom,Oui,Limbourg
3840,Gors-Opleeuw,Oui,Limbourg
3840,Gotem,Oui,Limbourg
3840,Groot-Loon,Oui,Limbourg
3840,Haren,Oui,Limbourg
3840,Hendrieken,Oui,Limbourg
3840,Hoepertingen,Oui,Limbourg
3840,Jesseren,Oui,Limbourg
3840,Kerniel,Oui,Limbourg
3840,Kolmont,Oui,Limbourg
3840,Kuttekoven,Oui,Limbourg
3840,Rijkel,Oui,Limbourg
3840,Voort,Oui,Limbourg
3850,Binderveld,Oui,Limbourg
3850,Kozen,Oui,Limbourg
3850,NIEUWERKERKEN,Non,Limbourg
3850,Wijer,Oui,Limbourg
3870,Batsheers,Oui,Limbourg
3870,Bovelingen,Oui,Limbourg
3870,Gutshoven,Oui,Limbourg
3870,HEERS,Non,Limbourg
3870,Heks,Oui,Limbourg
3870,Horpmaal,Oui,Limbourg
3870,Klein-Gelmen,Oui,Limbourg
3870,Mechelen-Bovelingen,Oui,Limbourg
3870,Mettekoven,Oui,Limbourg
3870,Opheers,Oui,Limbourg
3870,Rukkelingen-Loon,Oui,Limbourg
3870,Vechmaal,Oui,Limbourg
3870,Veulen,Oui,Limbourg
3890,Boekhout,Oui,Limbourg
3890,GINGELOM,Non,Limbourg
3890,Jeuk,Oui,Limbourg
3890,Kortijs,Oui,Limbourg
3890,Montenaken,Oui,Limbourg
3890,Niel-Bij-Sint-Truiden,Oui,Limbourg
3890,Vorsen,Oui,Limbourg
3891,Borlo,Oui,Limbourg
3891,Buvingen,Oui,Limbourg
3891,Mielen-Boven-Aalst,Oui,Limbourg
3891,Muizen,Oui,Limbourg
3900,OVERPELT,Non,Limbourg
3910,NEERPELT,Non,Limbourg
3910,Sint-Huibrechts-Lille,Oui,Limbourg
3920,LOMMEL,Non,Limbourg
3930,Achel,Oui,Limbourg
3930,Hamont,Oui,Limbourg
3930,HAMONT-ACHEL,Non,Limbourg
3940,Hechtel,Oui,Limbourg
3940,HECHTEL-EKSEL,Non,Limbourg
3941,Eksel,Oui,Limbourg
3945,HAM,Non,Limbourg
3945,Kwaadmechelen,Oui,Limbourg
3945,Oostham,Oui,Limbourg
3950,BOCHOLT,Non,Limbourg
3950,Kaulille,Oui,Limbourg
3950,Reppel,Oui,Limbourg
3960,Beek,Oui,Limbourg
3960,BREE,Non,Limbourg
3960,Gerdingen,Oui,Limbourg
3960,Opitter,Oui,Limbourg
3960,Tongerlo,Oui,Limbourg
3970,LEOPOLDSBURG,Non,Limbourg
3971,Heppen,Oui,Limbourg
3980,TESSENDERLO,Non,Limbourg
3990,Grote-Brogel,Oui,Limbourg
3990,Kleine-Brogel,Oui,Limbourg
3990,PEER,Non,Limbourg
3990,Wijchmaal,Oui,Limbourg
4000,Glain,Oui,Liège
4000,LIÈGE,Non,Liège
4000,Rocourt,Oui,Liège
4020,Bressoux,Oui,Liège
4020,Jupille-Sur-Meuse,Oui,Liège
4020,LIÈGE,Non,Liège
4020,Wandre,Oui,Liège
4030,Grivegnee,Oui,Liège
4031,Angleur,Oui,Liège
4032,Chênee,Oui,Liège
4040,HERSTAL,Non,Liège
4041,Milmort,Oui,Liège
4041,Vottem,Oui,Liège
4042,Liers,Oui,Liège
4050,CHAUDFONTAINE,Non,Liège
4051,Vaux-Sous-Chèvremont,Oui,Liège
4052,Beaufays,Oui,Liège
4053,Embourg,Oui,Liège
4075,CSM Liege X,,
4099,Liège X,,
4100,Boncelles,Oui,Liège
4100,SERAING,Non,Liège
4101,Jemeppe-Sur-Meuse,Oui,Liège
4102,Ougrée,Oui,Liège
4120,Ehein,Oui,Liège
4120,NEUPRÉ,Non,Liège
4120,Rotheux-Rimière,Oui,Liège
4121,Neuville-En-Condroz,Oui,Liège
4122,Plainevaux,Oui,Liège
4130,ESNEUX,Non,Liège
4130,Tilff,Oui,Liège
4140,Dolembreux,Oui,Liège
4140,Gomzé-Andoumont,Oui,Liège
4140,Rouvreux,Oui,Liège
4140,SPRIMONT,Non,Liège
4141,Louveigné,Oui,Liège
4160,ANTHISNES,Non,Liège
4161,Villers-Aux-Tours,Oui,Liège
4162,Hody,Oui,Liège
4163,Tavier,Oui,Liège
4170,COMBLAIN-AU-PONT,Non,Liège
4171,Poulseur,Oui,Liège
4180,Comblain-Fairon,Oui,Liège
4180,Comblain-La-Tour,Oui,Liège
4180,HAMOIR,Non,Liège
4181,Filot,Oui,Liège
4190,FERRIÈRES,Non,Liège
4190,My,Oui,Liège
4190,Vieuxville,Oui,Liège
4190,Werbomont,Oui,Liège
4190,Xhoris,Oui,Liège
4210,BURDINNE,Non,Liège
4210,Hannêche,Oui,Liège
4210,Lamontzée,Oui,Liège
4210,Marneffe,Oui,Liège
4210,Oteppe,Oui,Liège
4217,HÉRON,Non,Liège
4217,Lavoir,Oui,Liège
4217,Waret-L'Evêque,Oui,Liège
4218,Couthuin,Oui,Liège
4219,Acosse,Oui,Liège
4219,Ambresin,Oui,Liège
4219,Meeffe,Oui,Liège
4219,WASSEIGES,Non,Liège
4250,Boëlhe,Oui,Liège
4250,GEER,Non,Liège
4250,Hollogne-Sur-Geer,Oui,Liège
4250,Lens-Saint-Servais,Oui,Liège
4252,Omal,Oui,Liège
4253,Darion,Oui,Liège
4254,Ligney,Oui,Liège
4257,BERLOZ,Non,Liège
4257,Corswarem,Oui,Liège
4257,Rosoux-Crenwick,Oui,Liège
4260,Avennes,Oui,Liège
4260,BRAIVES,Non,Liège
4260,Ciplet,Oui,Liège
4260,Fallais,Oui,Liège
4260,Fumal,Oui,Liège
4260,Ville-En-Hesbaye,Oui,Liège
4261,Latinne,Oui,Liège
4263,Tourinne,Oui,Liège
4280,Abolens,Oui,Liège
4280,Avernas-Le-Bauduin,Oui,Liège
4280,Avin,Oui,Liège
4280,Bertrée,Oui,Liège
4280,Blehen,Oui,Liège
4280,Cras-Avernas,Oui,Liège
4280,Crehen,Oui,Liège
4280,Grand-Hallet,Oui,Liège
4280,HANNUT,Non,Liège
4280,Lens-Saint-Remy,Oui,Liège
4280,Merdorp,Oui,Liège
4280,Moxhe,Oui,Liège
4280,Petit-Hallet,Oui,Liège
4280,Poucet,Oui,Liège
4280,Thisnes,Oui,Liège
4280,Trognée,Oui,Liège
4280,Villers-Le-Peuplier,Oui,Liège
4280,Wansin,Oui,Liège
4287,LINCENT,Non,Liège
4287,Pellaines,Oui,Liège
4287,Racour,Oui,Liège
4300,Bettincourt,Oui,Liège
4300,Bleret,Oui,Liège
4300,Bovenistier,Oui,Liège
4300,Grand-Axhe,Oui,Liège
4300,Lantremange,Oui,Liège
4300,Oleye,Oui,Liège
4300,WAREMME,Non,Liège
4317,Aineffe,Oui,Liège
4317,Borlez,Oui,Liège
4317,Celles,Oui,Liège
4317,FAIMES,Non,Liège
4317,Les Waleffes,Oui,Liège
4317,Viemme,Oui,Liège
4340,AWANS,Non,Liège
4340,Fooz,Oui,Liège
4340,Othée,Oui,Liège
4340,Villers-L'Evêque,Oui,Liège
4342,Hognoul,Oui,Liège
4347,FEXHE-LE-HAUT-CLOCHER,Non,Liège
4347,Freloux,Oui,Liège
4347,Noville,Oui,Liège
4347,Roloux,Oui,Liège
4347,Voroux-Goreux,Oui,Liège
4350,Lamine,Oui,Liège
4350,Momalle,Oui,Liège
4350,Pousset,Oui,Liège
4350,REMICOURT,Non,Liège
4351,Hodeige,Oui,Liège
4357,DONCEEL,Non,Liège
4357,Haneffe,Oui,Liège
4357,Jeneffe,Oui,Liège
4357,Limont,Oui,Liège
4360,Bergilers,Oui,Liège
4360,Grandville,Oui,Liège
4360,Lens-Sur-Geer,Oui,Liège
4360,OREYE,Non,Liège
4360,Otrange,Oui,Liège
4367,CRISNÉE,Non,Liège
4367,Fize-Le-Marsal,Oui,Liège
4367,Kemexhe,Oui,Liège
4367,Odeur,Oui,Liège
4367,Thys,Oui,Liège
4400,Awirs,Oui,Liège
4400,Chokier,Oui,Liège
4400,FLÉMALLE,Non,Liège
4400,Flémalle-Grande,Oui,Liège
4400,Flémalle-Haute,Oui,Liège
4400,Gleixhe,Oui,Liège
4400,Ivoz-Ramet,Oui,Liège
4400,Mons-Lez-Liège,Oui,Liège
4420,Montegnée,Oui,Liège
4420,SAINT-NICOLAS,Non,Liège
4420,Tilleur,Oui,Liège
4430,ANS,Non,Liège
4431,Loncin,Oui,Liège
4432,Alleur,Oui,Liège
4432,Xhendremael,Oui,Liège
4450,JUPRELLE,Non,Liège
4450,Lantin,Oui,Liège
4450,Slins,Oui,Liège
4451,Voroux-Lez-Liers,Oui,Liège
4452,Paifve,Oui,Liège
4452,Wihogne,Oui,Liège
4453,Villers-Saint-Siméon,Oui,Liège
4458,Fexhe-Slins,Oui,Liège
4460,Bierset,Oui,Liège
4460,Grâce-Berleur,Oui,Liège
4460,GRÂCE-HOLLOGNE,Non,Liège
4460,Hollogne-Aux-Pierres,Oui,Liège
4460,Horion-Hozémont,Oui,Liège
4460,Velroux,Oui,Liège
4470,SAINT-GEORGES-SUR-MEUSE,Non,Liège
4480,Clermont-Sous-Huy,Oui,Liège
4480,Ehein,Oui,Liège
4480,ENGIS,Non,Liège
4480,Hermalle-Sous-Huy,Oui,Liège
4500,Ben-Ahin,Oui,Liège
4500,HUY,Non,Liège
4500,Tihange,Oui,Liège
4520,Antheit,Oui,Liège
4520,Bas-Oha,Oui,Liège
4520,Huccorgne,Oui,Liège
4520,Moha,Oui,Liège
4520,Vinalmont,Oui,Liège
4520,WANZE,Non,Liège
4530,Fize-Fontaine,Oui,Liège
4530,Vaux-Et-Borset,Oui,Liège
4530,Vieux-Waleffe,Oui,Liège
4530,VILLERS-LE-BOUILLET,Non,Liège
4530,Warnant-Dreye,Oui,Liège
4537,Bodegnée,Oui,Liège
4537,Chapon-Seraing,Oui,Liège
4537,Seraing-Le-Château,Oui,Liège
4537,VERLAINE,Non,Liège
4540,AMAY,Non,Liège
4540,Ampsin,Oui,Liège
4540,Flône,Oui,Liège
4540,Jehay,Oui,Liège
4540,Ombret,Oui,Liège
4550,NANDRIN,Non,Liège
4550,Saint-Séverin,Oui,Liège
4550,Villers-Le-Temple,Oui,Liège
4550,Yernée-Fraineux,Oui,Liège
4557,Abée,Oui,Liège
4557,Fraiture,Oui,Liège
4557,Ramelot,Oui,Liège
4557,Seny,Oui,Liège
4557,Soheit-Tinlot,Oui,Liège
4557,TINLOT,Non,Liège
4560,Bois-Et-Borsu,Oui,Liège
4560,CLAVIER,Non,Liège
4560,Les Avins,Oui,Liège
4560,Ocquier,Oui,Liège
4560,Pailhe,Oui,Liège
4560,Terwagne,Oui,Liège
4570,MARCHIN,Non,Liège
4570,Vyle-Et-Tharoul,Oui,Liège
4577,MODAVE,Non,Liège
4577,Outrelouxhe,Oui,Liège
4577,Strée-Lez-Huy,Oui,Liège
4577,Vierset-Barse,Oui,Liège
4590,Ellemelle,Oui,Liège
4590,OUFFET,Non,Liège
4590,Warzée,Oui,Liège
4600,Lanaye,Oui,Liège
4600,Lixhe,Oui,Liège
4600,Richelle,Oui,Liège
4600,VISÉ,Non,Liège
4601,Argenteau,Oui,Liège
4602,Cheratte,Oui,Liège
4606,Saint-André,Oui,Liège
4607,Berneau,Oui,Liège
4607,Bombaye,Oui,Liège
4607,DALHEM,Non,Liège
4607,Feneur,Oui,Liège
4607,Mortroux,Oui,Liège
4608,Neufchâteau,Oui,Liège
4608,Warsage,Oui,Liège
4610,Bellaire,Oui,Liège
4610,BEYNE-HEUSAY,Non,Liège
4610,Queue-Du-Bois,Oui,Liège
4620,FLÉRON,Non,Liège
4621,Retinne,Oui,Liège
4623,Magnée,Oui,Liège
4624,Romsée,Oui,Liège
4630,Ayeneux,Oui,Liège
4630,Micheroux,Oui,Liège
4630,SOUMAGNE,Non,Liège
4630,Tignée,Oui,Liège
4631,Evegnée,Oui,Liège
4632,Cérexhe-Heuseux,Oui,Liège
4633,Melen,Oui,Liège
4650,Chaineux,Oui,Liège
4650,Grand-Rechain,Oui,Liège
4650,HERVE,Non,Liège
4650,Julémont,Oui,Liège
4651,Battice,Oui,Liège
4652,Xhendelesse,Oui,Liège
4653,Bolland,Oui,Liège
4654,Charneux,Oui,Liège
4670,BLÉGNY,Non,Liège
4670,Mortier,Oui,Liège
4670,Trembleur,Oui,Liège
4671,Barchon,Oui,Liège
4671,Housse,Oui,Liège
4671,Saive,Oui,Liège
4672,Saint-Remy,Oui,Liège
4680,Hermée,Oui,Liège
4680,OUPEYE,Non,Liège
4681,Hermalle-Sous-Argenteau,Oui,Liège
4682,Heure-Le-Romain,Oui,Liège
4682,Houtain-Saint-Siméon,Oui,Liège
4683,Vivegnis,Oui,Liège
4684,Haccourt,Oui,Liège
4690,BASSENGE,Non,Liège
4690,Boirs,Oui,Liège
4690,Eben-Emael,Oui,Liège
4690,Glons,Oui,Liège
4690,Roclenge-Sur-Geer,Oui,Liège
4690,Wonck,Oui,Liège
4700,EUPEN,Non,Liège
4701,Kettenis,Oui,Liège
4710,LONTZEN,Non,Liège
4711,Walhorn,Oui,Liège
4720,LA CALAMINE,Non,Liège
4721,Neu-Moresnet,Oui,Liège
4728,Hergenrath,Oui,Liège
4730,Hauset,Oui,Liège
4730,RAEREN,Non,Liège
4731,Eynatten,Oui,Liège
4750,BUTGENBACH,Non,Liège
4750,Elsenborn,Oui,Liège
4760,BULLANGE,Non,Liège
4760,Manderfeld,Oui,Liège
4761,Rocherath,Oui,Liège
4770,AMBLÈVE,Non,Liège
4770,Meyerode,Oui,Liège
4771,Heppenbach,Oui,Liège
4780,Recht,Oui,Liège
4780,SAINT-VITH,Non,Liège
4782,Schoenberg,Oui,Liège
4783,Lommersweiler,Oui,Liège
4784,Crombach,Oui,Liège
4790,BURG-REULAND,Non,Liège
4790,Reuland,Oui,Liège
4791,Thommen,Oui,Liège
4800,Ensival,Oui,Liège
4800,Lambermont,Oui,Liège
4800,Petit-Rechain,Oui,Liège
4800,Polleur,Oui,Liège
4800,VERVIERS,Non,Liège
4801,Stembert,Oui,Liège
4802,Heusy,Oui,Liège
4820,DISON,Non,Liège
4821,Andrimont,Oui,Liège
4830,LIMBOURG,Non,Liège
4831,Bilstain,Oui,Liège
4834,Goé,Oui,Liège
4837,BAELEN,Non,Liège
4837,Membach,Oui,Liège
4840,WELKENRAEDT,Non,Liège
4841,Henri-Chapelle,Oui,Liège
4845,JALHAY,Non,Liège
4845,Sart-Lez-Spa,Oui,Liège
4850,Montzen,Oui,Liège
4850,Moresnet,Oui,Liège
4850,PLOMBIÈRES,Non,Liège
4851,Gemmenich,Oui,Liège
4851,Sippenaeken,Oui,Liège
4852,Hombourg,Oui,Liège
4860,Cornesse,Oui,Liège
4860,PEPINSTER,Non,Liège
4860,Wegnez,Oui,Liège
4861,Soiron,Oui,Liège
4870,Forêt,Oui,Liège
4870,Fraipont,Oui,Liège
4870,Nessonvaux,Oui,Liège
4870,TROOZ,Non,Liège
4877,OLNE,Non,Liège
4880,AUBEL,Non,Liège
4890,Clermont,Oui,Liège
4890,Thimister,Oui,Liège
4890,THIMISTER-CLERMONT,Non,Liège
4900,SPA,Non,Liège
4910,La Reid,Oui,Liège
4910,Polleur,Oui,Liège
4910,THEUX,Non,Liège
4920,AYWAILLE,Non,Liège
4920,Ernonheid,Oui,Liège
4920,Harzé,Oui,Liège
4920,Louveigné,Oui,Liège
4920,Sougné-Remouchamps,Oui,Liège
4950,Faymonville,Oui,Liège
4950,Robertville,Oui,Liège
4950,Sourbrodt,Oui,Liège
4950,WAIMES,Non,Liège
4960,Bellevaux-Ligneuville,Oui,Liège
4960,Bevercé,Oui,Liège
4960,MALMEDY,Non,Liège
4970,Francorchamps,Oui,Liège
4970,STAVELOT,Non,Liège
4980,Fosse,Oui,Liège
4980,TROIS-PONTS,Non,Liège
4980,Wanne,Oui,Liège
4983,Basse-Bodeux,Oui,Liège
4987,Chevron,Oui,Liège
4987,La Gleize,Oui,Liège
4987,Lorcé,Oui,Liège
4987,Rahier,Oui,Liège
4987,STOUMONT,Non,Liège
4990,Arbrefontaine,Oui,Liège
4990,Bra,Oui,Liège
4990,LIERNEUX,Non,Liège
5000,Beez,Oui,Namur
5000,NAMUR,Non,Namur
5001,Belgrade,Oui,Namur
5002,Saint-Servais,Oui,Namur
5003,Saint-Marc,Oui,Namur
5004,Bouge,Oui,Namur
5010,SA SudPresse,,
5012,Parlement Wallon,,
5020,Champion,Oui,Namur
5020,Daussoulx,Oui,Namur
5020,Flawinne,Oui,Namur
5020,Malonne,Oui,Namur
5020,Suarlée,Oui,Namur
5020,Temploux,Oui,Namur
5020,Vedrin,Oui,Namur
5021,Boninne,Oui,Namur
5022,Cognelée,Oui,Namur
5024,Gelbressée,Oui,Namur
5024,Marche-Les-Dames,Oui,Namur
5030,Beuzet,Oui,Namur
5030,Ernage,Oui,Namur
5030,GEMBLOUX,Non,Namur
5030,Grand-Manil,Oui,Namur
5030,Lonzée,Oui,Namur
5030,Sauvenière,Oui,Namur
5031,Grand-Leez,Oui,Namur
5032,Bossière,Oui,Namur
5032,Bothey,Oui,Namur
5032,Corroy-Le-Château,Oui,Namur
5032,Isnes,Oui,Namur
5032,Mazy,Oui,Namur
5060,Arsimont,Oui,Namur
5060,Auvelais,Oui,Namur
5060,Falisolle,Oui,Namur
5060,Keumiée,Oui,Namur
5060,Moignelée,Oui,Namur
5060,SAMBREVILLE,Non,Namur
5060,Tamines,Oui,Namur
5060,Velaine-Sur-Sambre,Oui,Namur
5070,Aisemont,Oui,Namur
5070,FOSSES-LA-VILLE,Non,Namur
5070,Le Roux,Oui,Namur
5070,Sart-Eustache,Oui,Namur
5070,Sart-Saint-Laurent,Oui,Namur
5070,Vitrival,Oui,Namur
5080,Emines,Oui,Namur
5080,LA BRUYÈRE,Non,Namur
5080,Rhisnes,Oui,Namur
5080,Villers-Lez-Heest,Oui,Namur
5080,Warisoulx,Oui,Namur
5081,Bovesse,Oui,Namur
5081,Meux,Oui,Namur
5081,Saint-Denis-Bovesse,Oui,Namur
5100,Dave,Oui,Namur
5100,Jambes,Oui,Namur
5100,Naninne,Oui,Namur
5100,Wépion,Oui,Namur
5100,Wierde,Oui,Namur
5101,Erpent,Oui,Namur
5101,Lives-Sur-Meuse,Oui,Namur
5101,Loyers,Oui,Namur
5140,Boignée,Oui,Namur
5140,Ligny,Oui,Namur
5140,SOMBREFFE,Non,Namur
5140,Tongrinne,Oui,Namur
5150,FLOREFFE,Non,Namur
5150,Floriffoux,Oui,Namur
5150,Franière,Oui,Namur
5150,Soye,Oui,Namur
5170,Arbre,Oui,Namur
5170,Bois-De-Villers,Oui,Namur
5170,Lesve,Oui,Namur
5170,Lustin,Oui,Namur
5170,PROFONDEVILLE,Non,Namur
5170,Rivière,Oui,Namur
5190,Balâtre,Oui,Namur
5190,Ham-Sur-Sambre,Oui,Namur
5190,JEMEPPE-SUR-SAMBRE,Non,Namur
5190,Mornimont,Oui,Namur
5190,Moustier-Sur-Sambre,Oui,Namur
5190,Onoz,Oui,Namur
5190,Saint-Martin,Oui,Namur
5190,Spy,Oui,Namur
5300,ANDENNE,Non,Namur
5300,Bonneville,Oui,Namur
5300,Coutisse,Oui,Namur
5300,Landenne,Oui,Namur
5300,Maizeret,Oui,Namur
5300,Namêche,Oui,Namur
5300,Sclayn,Oui,Namur
5300,Seilles,Oui,Namur
5300,Thon,Oui,Namur
5300,Vezin,Oui,Namur
5310,Aische-En-Refail,Oui,Namur
5310,Bolinne,Oui,Namur
5310,Boneffe,Oui,Namur
5310,Branchon,Oui,Namur
5310,Dhuy,Oui,Namur
5310,EGHEZÉE,Non,Namur
5310,Hanret,Oui,Namur
5310,Leuze,Oui,Namur
5310,Liernu,Oui,Namur
5310,Longchamps,Oui,Namur
5310,Mehaigne,Oui,Namur
5310,Noville-Sur-Méhaigne,Oui,Namur
5310,Saint-Germain,Oui,Namur
5310,Taviers,Oui,Namur
5310,Upigny,Oui,Namur
5310,Waret-La-Chaussée,Oui,Namur
5330,ASSESSE,Non,Namur
5330,Maillen,Oui,Namur
5330,Sart-Bernard,Oui,Namur
5332,Crupet,Oui,Namur
5333,Sorinne-La-Longue,Oui,Namur
5334,Florée,Oui,Namur
5336,Courrière,Oui,Namur
5340,Faulx-Les-Tombes,Oui,Namur
5340,GESVES,Non,Namur
5340,Haltinne,Oui,Namur
5340,Mozet,Oui,Namur
5340,Sorée,Oui,Namur
5350,Evelette,Oui,Namur
5350,OHEY,Non,Namur
5351,Haillot,Oui,Namur
5352,Perwez-Haillot,Oui,Namur
5353,Goesnes,Oui,Namur
5354,Jallet,Oui,Namur
5360,HAMOIS,Non,Namur
5360,Natoye,Oui,Namur
5361,Mohiville,Oui,Namur
5361,Scy,Oui,Namur
5362,Achet,Oui,Namur
5363,Emptinne,Oui,Namur
5364,Schaltin,Oui,Namur
5370,Barvaux-Condroz,Oui,Namur
5370,Flostoy,Oui,Namur
5370,HAVELANGE,Non,Namur
5370,Jeneffe,Oui,Namur
5370,Porcheresse,Oui,Namur
5370,Verlée,Oui,Namur
5372,Méan,Oui,Namur
5374,Maffe,Oui,Namur
5376,Miécret,Oui,Namur
5377,Baillonville,Oui,Namur
5377,Bonsin,Oui,Namur
5377,Heure,Oui,Namur
5377,Hogne,Oui,Namur
5377,Nettinne,Oui,Namur
5377,Noiseux,Oui,Namur
5377,Sinsin,Oui,Namur
5377,SOMME-LEUZE,Non,Namur
5377,Waillet,Oui,Namur
5380,Bierwart,Oui,Namur
5380,Cortil-Wodon,Oui,Namur
5380,FERNELMONT,Non,Namur
5380,Forville,Oui,Namur
5380,Franc-Waret,Oui,Namur
5380,Hemptinne,Oui,Namur
5380,Hingeon,Oui,Namur
5380,Marchovelette,Oui,Namur
5380,Noville-Les-Bois,Oui,Namur
5380,Pontillas,Oui,Namur
5380,Tillier,Oui,Namur
5500,Anseremme,Oui,Namur
5500,Bouvignes-Sur-Meuse,Oui,Namur
5500,DINANT,Non,Namur
5500,Dréhance,Oui,Namur
5500,Falmagne,Oui,Namur
5500,Falmignoul,Oui,Namur
5500,Furfooz,Oui,Namur
5501,Lisogne,Oui,Namur
5502,Thynes,Oui,Namur
5503,Sorinnes,Oui,Namur
5504,Foy-Notre-Dame,Oui,Namur
5520,Anthée,Oui,Namur
5520,ONHAYE,Non,Namur
5521,Serville,Oui,Namur
5522,Falaen,Oui,Namur
5523,Sommière,Oui,Namur
5523,Weillen,Oui,Namur
5524,Gerin,Oui,Namur
5530,Dorinne,Oui,Namur
5530,Durnal,Oui,Namur
5530,Evrehailles,Oui,Namur
5530,Godinne,Oui,Namur
5530,Houx,Oui,Namur
5530,Mont,Oui,Namur
5530,Purnode,Oui,Namur
5530,Spontin,Oui,Namur
5530,YVOIR,Non,Namur
5537,ANHÉE,Non,Namur
5537,Annevoie-Rouillon,Oui,Namur
5537,Bioul,Oui,Namur
5537,Denée,Oui,Namur
5537,Haut-Le-Wastia,Oui,Namur
5537,Sosoye,Oui,Namur
5537,Warnant,Oui,Namur
5540,HASTIÈRE,Non,Namur
5540,Hastière-Lavaux,Oui,Namur
5540,Hermeton-Sur-Meuse,Oui,Namur
5540,Waulsort,Oui,Namur
5541,Hastière-Par-Delà,Oui,Namur
5542,Blaimont,Oui,Namur
5543,Heer,Oui,Namur
5544,Agimont,Oui,Namur
5550,Alle,Oui,Namur
5550,Bagimont,Oui,Namur
5550,Bohan,Oui,Namur
5550,Chairière,Oui,Namur
5550,Laforet,Oui,Namur
5550,Membre,Oui,Namur
5550,Mouzaive,Oui,Namur
5550,Nafraiture,Oui,Namur
5550,Orchimont,Oui,Namur
5550,Pussemange,Oui,Namur
5550,Sugny,Oui,Namur
5550,VRESSE-SUR-SEMOIS,Non,Namur
5555,Baillamont,Oui,Namur
5555,Bellefontaine,Oui,Namur
5555,BIÈVRE,Non,Namur
5555,Cornimont,Oui,Namur
5555,Graide,Oui,Namur
5555,Gros-Fays,Oui,Namur
5555,Monceau-En-Ardenne,Oui,Namur
5555,Naomé,Oui,Namur
5555,Oizy,Oui,Namur
5555,Petit-Fays,Oui,Namur
5560,Ciergnon,Oui,Namur
5560,Finnevaux,Oui,Namur
5560,HOUYET,Non,Namur
5560,Hulsonniaux,Oui,Namur
5560,Mesnil-Eglise,Oui,Namur
5560,Mesnil-Saint-Blaise,Oui,Namur
5561,Celles,Oui,Namur
5562,Custinne,Oui,Namur
5563,Hour,Oui,Namur
5564,Wanlin,Oui,Namur
5570,Baronville,Oui,Namur
5570,BEAURAING,Non,Namur
5570,Dion,Oui,Namur
5570,Felenne,Oui,Namur
5570,Feschaux,Oui,Namur
5570,Honnay,Oui,Namur
5570,Javingue,Oui,Namur
5570,Vonêche,Oui,Namur
5570,Wancennes,Oui,Namur
5570,Winenne,Oui,Namur
5571,Wiesme,Oui,Namur
5572,Focant,Oui,Namur
5573,Martouzin-Neuville,Oui,Namur
5574,Pondrôme,Oui,Namur
5575,Bourseigne-Neuve,Oui,Namur
5575,Bourseigne-Vieille,Oui,Namur
5575,GEDINNE,Non,Namur
5575,Houdremont,Oui,Namur
5575,Louette-Saint-Denis,Oui,Namur
5575,Louette-Saint-Pierre,Oui,Namur
5575,Malvoisin,Oui,Namur
5575,Patignies,Oui,Namur
5575,Rienne,Oui,Namur
5575,Sart-Custinne,Oui,Namur
5575,Vencimont,Oui,Namur
5575,Willerzie,Oui,Namur
5576,Froidfontaine,Oui,Namur
5580,Ave-Et-Auffe,Oui,Namur
5580,Buissonville,Oui,Namur
5580,Eprave,Oui,Namur
5580,Han-Sur-Lesse,Oui,Namur
5580,Jemelle,Oui,Namur
5580,Lavaux-Saint-Anne,Oui,Namur
5580,Lessive,Oui,Namur
5580,Mont-Gauthier,Oui,Namur
5580,ROCHEFORT,Non,Namur
5580,Villers-Sur-Lesse,Oui,Namur
5580,Wavreille,Oui,Namur
5589,Jemelle,,
5590,Achêne,Oui,Namur
5590,Braibant,Oui,Namur
5590,Chevetogne,Oui,Namur
5590,CINEY,Non,Namur
5590,Conneux,Oui,Namur
5590,Haversin,Oui,Namur
5590,Leignon,Oui,Namur
5590,Pessoux,Oui,Namur
5590,Serinchamps,Oui,Namur
5590,Sovet,Oui,Namur
5600,Fagnolle,Oui,Namur
5600,Franchimont,Oui,Namur
5600,Jamagne,Oui,Namur
5600,Jamiolle,Oui,Namur
5600,Merlemont,Oui,Namur
5600,Neuville,Oui,Namur
5600,Omezée,Oui,Namur
5600,PHILIPPEVILLE,Non,Namur
5600,Roly,Oui,Namur
5600,Romedenne,Oui,Namur
5600,Samart,Oui,Namur
5600,Sart-En-Fagne,Oui,Namur
5600,Sautour,Oui,Namur
5600,Surice,Oui,Namur
5600,Villers-En-Fagne,Oui,Namur
5600,Villers-Le-Gambon,Oui,Namur
5600,Vodecée,Oui,Namur
5620,Corenne,Oui,Namur
5620,Flavion,Oui,Namur
5620,FLORENNES,Non,Namur
5620,Hemptinne-Lez-Florennes,Oui,Namur
5620,Morville,Oui,Namur
5620,Rosée,Oui,Namur
5620,Saint-Aubin,Oui,Namur
5621,Hanzinelle,Oui,Namur
5621,Hanzinne,Oui,Namur
5621,Morialmé,Oui,Namur
5621,Thy-Le-Baudouin,Oui,Namur
5630,CERFONTAINE,Non,Namur
5630,Daussois,Oui,Namur
5630,Senzeille,Oui,Namur
5630,Silenrieux,Oui,Namur
5630,Soumoy,Oui,Namur
5630,Villers-Deux-Eglises,Oui,Namur
5640,Biesme,Oui,Namur
5640,Biesmerée,Oui,Namur
5640,Graux,Oui,Namur
5640,METTET,Non,Namur
5640,Oret,Oui,Namur
5640,Saint-Gérard,Oui,Namur
5641,Furnaux,Oui,Namur
5644,Ermeton-Sur-Biert,Oui,Namur
5646,Stave,Oui,Namur
5650,Castillon,Oui,Namur
5650,Chastrès,Oui,Namur
5650,Clermont,Oui,Namur
5650,Fontenelle,Oui,Namur
5650,Fraire,Oui,Namur
5650,Pry,Oui,Namur
5650,Vogenée,Oui,Namur
5650,WALCOURT,Non,Namur
5650,Yves-Gomezée,Oui,Namur
5651,Berzée,Oui,Namur
5651,Gourdinne,Oui,Namur
5651,Laneffe,Oui,Namur
5651,Rognée,Oui,Namur
5651,Somzée,Oui,Namur
5651,Tarcienne,Oui,Namur
5651,Thy-Le-Château,Oui,Namur
5660,Aublain,Oui,Namur
5660,Boussu-En-Fagne,Oui,Namur
5660,Brûly,Oui,Namur
5660,Brûly-De-Pesche,Oui,Namur
5660,COUVIN,Non,Namur
5660,Cul-Des-Sarts,Oui,Namur
5660,Dailly,Oui,Namur
5660,Frasnes,Oui,Namur
5660,Gonrieux,Oui,Namur
5660,Mariembourg,Oui,Namur
5660,Pesche,Oui,Namur
5660,Petigny,Oui,Namur
5660,Petite-Chapelle,Oui,Namur
5660,Presgaux,Oui,Namur
5670,Dourbes,Oui,Namur
5670,Le Mesnil,Oui,Namur
5670,Mazée,Oui,Namur
5670,Nismes,Oui,Namur
5670,Oignies-En-Thiérache,Oui,Namur
5670,Olloy-Sur-Viroin,Oui,Namur
5670,Treignes,Oui,Namur
5670,Vierves-Sur-Viroin,Oui,Namur
5670,VIROINVAL,Non,Namur
5680,DOISCHE,Non,Namur
5680,Gimnée,Oui,Namur
5680,Gochenée,Oui,Namur
5680,Matagne-La-Grande,Oui,Namur
5680,Matagne-La-Petite,Oui,Namur
5680,Niverlée,Oui,Namur
5680,Romerée,Oui,Namur
5680,Soulme,Oui,Namur
5680,Vaucelles,Oui,Namur
5680,Vodelée,Oui,Namur
6000,CHARLEROI,Non,Hainaut
6001,Marcinelle,Oui,Hainaut
6010,Couillet,Oui,Hainaut
6020,Dampremy,Oui,Hainaut
6030,Goutroux,Oui,Hainaut
6030,Marchienne-Au-Pont,Oui,Hainaut
6031,Monceau-Sur-Sambre,Oui,Hainaut
6032,Mont-Sur-Marchienne,Oui,Hainaut
6040,Jumet,Oui,Hainaut
6041,Gosselies,Oui,Hainaut
6042,Lodelinsart,Oui,Hainaut
6043,Ransart,Oui,Hainaut
6044,Roux,Oui,Hainaut
6060,Gilly,Oui,Hainaut
6061,Montignies-Sur-Sambre,Oui,Hainaut
6075,CSM Charleroi X,,
6099,Charleroi X,,
6110,MONTIGNY-LE-TILLEUL,Non,Hainaut
6111,Landelies,Oui,Hainaut
0612,Saint-Nicolas,,
6120,Cour-Sur-Heure,Oui,Hainaut
6120,HAM-SUR-HEURE,Non,Hainaut
6120,Jamioulx,Oui,Hainaut
6120,Marbaix,Oui,Hainaut
6120,Nalinnes,Oui,Hainaut
6140,FONTAINE-L'EVÊQUE,Non,Hainaut
6141,Forchies-La-Marche,Oui,Hainaut
6142,Leernes,Oui,Hainaut
6150,ANDERLUES,Non,Hainaut
6180,COURCELLES,Non,Hainaut
6181,Gouy-Lez-Piéton,Oui,Hainaut
6182,Souvret,Oui,Hainaut
6183,Trazegnies,Oui,Hainaut
6200,Bouffioulx,Oui,Hainaut
6200,CHÂTELET,Non,Hainaut
6200,Châtelineau,Oui,Hainaut
6210,Frasnes-Lez-Gosselies,Oui,Hainaut
6210,LES BONS VILLERS,Non,Hainaut
6210,Rèves,Oui,Hainaut
6210,Villers-Perwin,Oui,Hainaut
6210,Wayaux,Oui,Hainaut
6211,Mellet,Oui,Hainaut
6220,FLEURUS,Non,Hainaut
6220,Heppignies,Oui,Hainaut
6220,Lambusart,Oui,Hainaut
6220,Wangenies,Oui,Hainaut
6221,Saint-Amand,Oui,Hainaut
6222,Brye,Oui,Hainaut
6223,Wagnelée,Oui,Hainaut
6224,Wanfercée-Baulet,Oui,Hainaut
6230,Buzet,Oui,Hainaut
6230,Obaix,Oui,Hainaut
6230,PONT-À-CELLES,Non,Hainaut
6230,Thiméon,Oui,Hainaut
6230,Viesville,Oui,Hainaut
6238,Liberchies,Oui,Hainaut
6238,Luttre,Oui,Hainaut
6240,FARCIENNES,Non,Hainaut
6240,Pironchamps,Oui,Hainaut
6250,Aiseau,Oui,Hainaut
6250,AISEAU-PRESLES,Non,Hainaut
6250,Pont-De-Loup,Oui,Hainaut
6250,Presles,Oui,Hainaut
6250,Roselies,Oui,Hainaut
6280,Acoz,Oui,Hainaut
6280,GERPINNES,Non,Hainaut
6280,Gougnies,Oui,Hainaut
6280,Joncret,Oui,Hainaut
6280,Loverval,Oui,Hainaut
6280,Villers-Poterie,Oui,Hainaut
6440,Boussu-Lez-Walcourt,Oui,Hainaut
6440,Fourbechies,Oui,Hainaut
6440,FROIDCHAPELLE,Non,Hainaut
6440,Vergnies,Oui,Hainaut
6441,Erpion,Oui,Hainaut
6460,Bailièvre,Oui,Hainaut
6460,CHIMAY,Non,Hainaut
6460,Robechies,Oui,Hainaut
6460,Saint-Remy,Oui,Hainaut
6460,Salles,Oui,Hainaut
6460,Villers-La-Tour,Oui,Hainaut
6461,Virelles,Oui,Hainaut
6462,Vaulx-Lez-Chimay,Oui,Hainaut
6463,Lompret,Oui,Hainaut
6464,Baileux,Oui,Hainaut
6464,Bourlers,Oui,Hainaut
6464,Forges,Oui,Hainaut
6464,L'Escaillère,Oui,Hainaut
6464,Rièzes,Oui,Hainaut
6470,Grandrieu,Oui,Hainaut
6470,Montbliart,Oui,Hainaut
6470,Rance,Oui,Hainaut
6470,Sautin,Oui,Hainaut
6470,Sivry,Oui,Hainaut
6470,SIVRY-RANCE,Non,Hainaut
6500,Barbençon,Oui,Hainaut
6500,BEAUMONT,Non,Hainaut
6500,Leugnies,Oui,Hainaut
6500,Leval-Chaudeville,Oui,Hainaut
6500,Renlies,Oui,Hainaut
6500,Solre-Saint-Géry,Oui,Hainaut
6500,Thirimont,Oui,Hainaut
6511,Strée,Oui,Hainaut
6530,Leers-Et-Fosteau,Oui,Hainaut
6530,THUIN,Non,Hainaut
6531,Biesme-Sous-Thuin,Oui,Hainaut
6532,Ragnies,Oui,Hainaut
6533,Biercée,Oui,Hainaut
6534,Gozée,Oui,Hainaut
6536,Donstiennes,Oui,Hainaut
6536,Thuillies,Oui,Hainaut
6540,LOBBES,Non,Hainaut
6540,Mont-Sainte-Geneviève,Oui,Hainaut
6542,Sars-La-Buissière,Oui,Hainaut
6543,Bienne-Lez-Happart,Oui,Hainaut
6560,Bersillies-L'Abbaye,Oui,Hainaut
6560,ERQUELINNES,Non,Hainaut
6560,Grand-Reng,Oui,Hainaut
6560,Hantes-Wihéries,Oui,Hainaut
6560,Montignies-Saint-Christophe,Oui,Hainaut
6560,Solre-Sur-Sambre,Oui,Hainaut
6567,Fontaine-Valmont,Oui,Hainaut
6567,Labuissière,Oui,Hainaut
6567,MERBES-LE-CHÂTEAU,Non,Hainaut
6567,Merbes-Sainte-Marie,Oui,Hainaut
6590,MOMIGNIES,Non,Hainaut
6591,Macon,Oui,Hainaut
6592,Monceau-Imbrechies,Oui,Hainaut
6593,Macquenoise,Oui,Hainaut
6594,Beauwelz,Oui,Hainaut
6596,Forge-Philippe,Oui,Hainaut
6596,Seloignes,Oui,Hainaut
6600,BASTOGNE,Non,Luxembourg
6600,Longvilly,Oui,Luxembourg
6600,Noville,Oui,Luxembourg
6600,Villers-La-Bonne-Eau,Oui,Luxembourg
6600,Wardin,Oui,Luxembourg
6630,MARTELANGE,Non,Luxembourg
6637,FAUVILLERS,Non,Luxembourg
6637,Hollange,Oui,Luxembourg
6637,Tintange,Oui,Luxembourg
6640,Hompré,Oui,Luxembourg
6640,Morhet,Oui,Luxembourg
6640,Nives,Oui,Luxembourg
6640,Sibret,Oui,Luxembourg
6640,Vaux-Lez-Rosières,Oui,Luxembourg
6640,VAUX-SUR-SÛRE,Non,Luxembourg
6642,Juseret,Oui,Luxembourg
6660,HOUFFALIZE,Non,Luxembourg
6660,Nadrin,Oui,Luxembourg
6661,Mont,Oui,Luxembourg
6661,Tailles,Oui,Luxembourg
6662,Tavigny,Oui,Luxembourg
6663,Mabompré,Oui,Luxembourg
6666,Wibrin,Oui,Luxembourg
6670,GOUVY,Non,Luxembourg
6670,Limerlé,Oui,Luxembourg
6671,Bovigny,Oui,Luxembourg
6672,Beho,Oui,Luxembourg
6673,Cherain,Oui,Luxembourg
6674,Montleban,Oui,Luxembourg
6680,Amberloup,Oui,Luxembourg
6680,SAINTE-ODE,Non,Luxembourg
6680,Tillet,Oui,Luxembourg
6681,Lavacherie,Oui,Luxembourg
6686,Flamierge,Oui,Luxembourg
6687,BERTOGNE,Non,Luxembourg
6688,Longchamps,Oui,Luxembourg
6690,Bihain,Oui,Luxembourg
6690,VIELSALM,Non,Luxembourg
6692,Petit-Thier,Oui,Luxembourg
6698,Grand-Halleux,Oui,Luxembourg
6700,ARLON,Non,Luxembourg
6700,Bonnert,Oui,Luxembourg
6700,Heinsch,Oui,Luxembourg
6700,Toernich,Oui,Luxembourg
6704,Guirsch,Oui,Luxembourg
6706,Autelbas,Oui,Luxembourg
6717,ATTERT,Non,Luxembourg
6717,Nobressart,Oui,Luxembourg
6717,Nothomb,Oui,Luxembourg
6717,Thiaumont,Oui,Luxembourg
6717,Tontelange,Oui,Luxembourg
6720,HABAY,Non,Luxembourg
6720,Habay-La-Neuve,Oui,Luxembourg
6720,Hachy,Oui,Luxembourg
6721,Anlier,Oui,Luxembourg
6723,Habay-La-Vieille,Oui,Luxembourg
6724,Houdemont,Oui,Luxembourg
6724,Rulles,Oui,Luxembourg
6730,Bellefontaine,Oui,Luxembourg
6730,Rossignol,Oui,Luxembourg
6730,Saint-Vincent,Oui,Luxembourg
6730,TINTIGNY,Non,Luxembourg
6740,ETALLE,Non,Luxembourg
6740,Sainte-Marie-Sur-Semois,Oui,Luxembourg
6740,Villers-Sur-Semois,Oui,Luxembourg
6741,Vance,Oui,Luxembourg
6742,Chantemelle,Oui,Luxembourg
6743,Buzenol,Oui,Luxembourg
6747,Châtillon,Oui,Luxembourg
6747,Meix-Le-Tige,Oui,Luxembourg
6747,SAINT-LÉGER,Non,Luxembourg
6750,MUSSON,Non,Luxembourg
6750,Mussy-La-Ville,Oui,Luxembourg
6750,Signeulx,Oui,Luxembourg
6760,Bleid,Oui,Luxembourg
6760,Ethe,Oui,Luxembourg
6760,Ruette,Oui,Luxembourg
6760,VIRTON,Non,Luxembourg
6761,Latour,Oui,Luxembourg
6762,Saint-Mard,Oui,Luxembourg
6767,Dampicourt,Oui,Luxembourg
6767,Harnoncourt,Oui,Luxembourg
6767,Lamorteau,Oui,Luxembourg
6767,ROUVROY,Non,Luxembourg
6767,Torgny,Oui,Luxembourg
6769,Gérouville,Oui,Luxembourg
6769,MEIX-DEVANT-VIRTON,Non,Luxembourg
6769,Robelmont,Oui,Luxembourg
6769,Sommethonne,Oui,Luxembourg
6769,Villers-La-Loue,Oui,Luxembourg
6780,Hondelange,Oui,Luxembourg
6780,MESSANCY,Non,Luxembourg
6780,Wolkrange,Oui,Luxembourg
6781,Sélange,Oui,Luxembourg
6782,Habergy,Oui,Luxembourg
6790,AUBANGE,Non,Luxembourg
6791,Athus,Oui,Luxembourg
6792,Halanzy,Oui,Luxembourg
6792,Rachecourt,Oui,Luxembourg
6800,Bras,Oui,Luxembourg
6800,Freux,Oui,Luxembourg
6800,LIBRAMONT-CHEVIGNY,Non,Luxembourg
6800,Moircy,Oui,Luxembourg
6800,Recogne,Oui,Luxembourg
6800,Remagne,Oui,Luxembourg
6800,Saint-Pierre,Oui,Luxembourg
6800,Sainte-Marie-Chevigny,Oui,Luxembourg
6810,CHINY,Non,Luxembourg
6810,Izel,Oui,Luxembourg
6810,Jamoigne,Oui,Luxembourg
6811,Les Bulles,Oui,Luxembourg
6812,Suxy,Oui,Luxembourg
6813,Termes,Oui,Luxembourg
6820,FLORENVILLE,Non,Luxembourg
6820,Fontenoille,Oui,Luxembourg
6820,Muno,Oui,Luxembourg
6820,Sainte-Cécile,Oui,Luxembourg
6821,Lacuisine,Oui,Luxembourg
6823,Villers-Devant-Orval,Oui,Luxembourg
6824,Chassepierre,Oui,Luxembourg
6830,BOUILLON,Non,Luxembourg
6830,Les Hayons,Oui,Luxembourg
6830,Poupehan,Oui,Luxembourg
6830,Rochehaut,Oui,Luxembourg
6831,Noirfontaine,Oui,Luxembourg
6832,Sensenruth,Oui,Luxembourg
6833,Ucimont,Oui,Luxembourg
6833,Vivy,Oui,Luxembourg
6834,Bellevaux,Oui,Luxembourg
6836,Dohan,Oui,Luxembourg
6838,Corbion,Oui,Luxembourg
6840,Grandvoir,Oui,Luxembourg
6840,Grapfontaine,Oui,Luxembourg
6840,Hamipré,Oui,Luxembourg
6840,Longlier,Oui,Luxembourg
6840,NEUFCHÂTEAU,Non,Luxembourg
6840,Tournay,Oui,Luxembourg
6850,Carlsbourg,Oui,Luxembourg
6850,Offagne,Oui,Luxembourg
6850,PALISEUL,Non,Luxembourg
6851,Nollevaux,Oui,Luxembourg
6852,Maissin,Oui,Luxembourg
6852,Opont,Oui,Luxembourg
6853,Framont,Oui,Luxembourg
6856,Fays-Les-Veneurs,Oui,Luxembourg
6860,Assenois,Oui,Luxembourg
6860,Ebly,Oui,Luxembourg
6860,LÉGLISE,Non,Luxembourg
6860,Mellier,Oui,Luxembourg
6860,Witry,Oui,Luxembourg
6870,Arville,Oui,Luxembourg
6870,Awenne,Oui,Luxembourg
6870,Hatrival,Oui,Luxembourg
6870,Mirwart,Oui,Luxembourg
6870,SAINT-HUBERT,Non,Luxembourg
6870,Vesqueville,Oui,Luxembourg
6880,Auby-Sur-Semois,Oui,Luxembourg
6880,BERTRIX,Non,Luxembourg
6880,Cugnon,Oui,Luxembourg
6880,Jehonville,Oui,Luxembourg
6880,Orgeo,Oui,Luxembourg
6887,HERBEUMONT,Non,Luxembourg
6887,Saint-Médard,Oui,Luxembourg
6887,Straimont,Oui,Luxembourg
6890,Anloy,Oui,Luxembourg
6890,LIBIN,Non,Luxembourg
6890,Ochamps,Oui,Luxembourg
6890,Redu,Oui,Luxembourg
6890,Smuid,Oui,Luxembourg
6890,Transinne,Oui,Luxembourg
6890,Villance,Oui,Luxembourg
6900,Aye,Oui,Luxembourg
6900,Hargimont,Oui,Luxembourg
6900,Humain,Oui,Luxembourg
6900,MARCHE-EN-FAMENNE,Non,Luxembourg
6900,On,Oui,Luxembourg
6900,Roy,Oui,Luxembourg
6900,Waha,Oui,Luxembourg
6920,Sohier,Oui,Luxembourg
6920,WELLIN,Non,Luxembourg
6921,Chanly,Oui,Luxembourg
6922,Halma,Oui,Luxembourg
6924,Lomprez,Oui,Luxembourg
6927,Bure,Oui,Luxembourg
6927,Grupont,Oui,Luxembourg
6927,Resteigne,Oui,Luxembourg
6927,TELLIN,Non,Luxembourg
6929,DAVERDISSE,Non,Luxembourg
6929,Gembes,Oui,Luxembourg
6929,Haut-Fays,Oui,Luxembourg
6929,Porcheresse,Oui,Luxembourg
6940,Barvaux-Sur-Ourthe,Oui,Luxembourg
6940,DURBUY,Non,Luxembourg
6940,Grandhan,Oui,Luxembourg
6940,Septon,Oui,Luxembourg
6940,Wéris,Oui,Luxembourg
6941,Bende,Oui,Luxembourg
6941,Bomal-Sur-Ourthe,Oui,Luxembourg
6941,Borlon,Oui,Luxembourg
6941,Heyd,Oui,Luxembourg
6941,Izier,Oui,Luxembourg
6941,Tohogne,Oui,Luxembourg
6941,Villers-Sainte-Gertrude,Oui,Luxembourg
6950,Harsin,Oui,Luxembourg
6950,NASSOGNE,Non,Luxembourg
6951,Bande,Oui,Luxembourg
6952,Grune,Oui,Luxembourg
6953,Ambly,Oui,Luxembourg
6953,Forrières,Oui,Luxembourg
6953,Lesterny,Oui,Luxembourg
6953,Masbourg,Oui,Luxembourg
6960,Dochamps,Oui,Luxembourg
6960,Grandmenil,Oui,Luxembourg
6960,Harre,Oui,Luxembourg
6960,Malempré,Oui,Luxembourg
6960,MANHAY,Non,Luxembourg
6960,Odeigne,Oui,Luxembourg
6960,Vaux-Chavanne,Oui,Luxembourg
6970,TENNEVILLE,Non,Luxembourg
6971,Champlon,Oui,Luxembourg
6972,Erneuville,Oui,Luxembourg
6980,Beausaint,Oui,Luxembourg
6980,LA ROCHE-EN-ARDENNE,Non,Luxembourg
6982,Samrée,Oui,Luxembourg
6983,Ortho,Oui,Luxembourg
6984,Hives,Oui,Luxembourg
6986,Halleux,Oui,Luxembourg
6987,Beffe,Oui,Luxembourg
6987,Hodister,Oui,Luxembourg
6987,Marcourt,Oui,Luxembourg
6987,RENDEUX,Non,Luxembourg
6990,Fronville,Oui,Luxembourg
6990,Hampteau,Oui,Luxembourg
6990,HOTTON,Non,Luxembourg
6990,Marenne,Oui,Luxembourg
6997,Amonines,Oui,Luxembourg
6997,EREZÉE,Non,Luxembourg
6997,Mormont,Oui,Luxembourg
6997,Soy,Oui,Luxembourg
7000,MONS,Non,Hainaut
7010,SHAPE,,
7011,Ghlin,Oui,Hainaut
7012,Flénu,Oui,Hainaut
7012,Jemappes,Oui,Hainaut
7020,Maisières,Oui,Hainaut
7020,Nimy,Oui,Hainaut
7021,Havre,Oui,Hainaut
7022,Harmignies,Oui,Hainaut
7022,Harveng,Oui,Hainaut
7022,Hyon,Oui,Hainaut
7022,Mesvin,Oui,Hainaut
7022,Nouvelles,Oui,Hainaut
7024,Ciply,Oui,Hainaut
7030,Saint-Symphorien,Oui,Hainaut
7031,Villers-Saint-Ghislain,Oui,Hainaut
7032,Spiennes,Oui,Hainaut
7033,Cuesmes,Oui,Hainaut
7034,Obourg,Oui,Hainaut
7034,Saint-Denis,Oui,Hainaut
7040,Asquillies,Oui,Hainaut
7040,Aulnois,Oui,Hainaut
7040,Blaregnies,Oui,Hainaut
7040,Bougnies,Oui,Hainaut
7040,Genly,Oui,Hainaut
7040,Goegnies-Chaussée,Oui,Hainaut
7040,QUÉVY,Non,Hainaut
7040,Quévy-Le-Grand,Oui,Hainaut
7040,Quévy-Le-Petit,Oui,Hainaut
7041,Givry,Oui,Hainaut
7041,Havay,Oui,Hainaut
7050,Erbaut,Oui,Hainaut
7050,Erbisoeul,Oui,Hainaut
7050,Herchies,Oui,Hainaut
7050,JURBISE,Non,Hainaut
7050,Masnuy-Saint-Jean,Oui,Hainaut
7050,Masnuy-Saint-Pierre,Oui,Hainaut
7060,Horrues,Oui,Hainaut
7060,SOIGNIES,Non,Hainaut
7061,Casteau,Oui,Hainaut
7061,Thieusies,Oui,Hainaut
7062,Naast,Oui,Hainaut
7063,Chaussée-Notre-Dame-Louvignies,Oui,Hainaut
7063,Neufvilles,Oui,Hainaut
7070,Gottignies,Oui,Hainaut
7070,LE ROEULX,Non,Hainaut
7070,Mignault,Oui,Hainaut
7070,Thieu,Oui,Hainaut
7070,Ville-Sur-Haine,Oui,Hainaut
7080,Eugies,Oui,Hainaut
7080,FRAMERIES,Non,Hainaut
7080,La Bouverie,Oui,Hainaut
7080,Noirchain,Oui,Hainaut
7080,Sars-La-Bruyère,Oui,Hainaut
7090,BRAINE-LE-COMTE,Non,Hainaut
7090,Hennuyères,Oui,Hainaut
7090,Henripont,Oui,Hainaut
7090,Petit-Roeulx-Lez-Braine,Oui,Hainaut
7090,Ronquières,Oui,Hainaut
7090,Steenkerque,Oui,Hainaut
7100,Haine-Saint-Paul,Oui,Hainaut
7100,Haine-Saint-Pierre,Oui,Hainaut
7100,LA LOUVIÈRE,Non,Hainaut
7100,Saint-Vaast,Oui,Hainaut
7100,Trivières,Oui,Hainaut
7110,Boussoit,Oui,Hainaut
7110,Houdeng-Aimeries,Oui,Hainaut
7110,Houdeng-Goegnies,Oui,Hainaut
7110,Maurage,Oui,Hainaut
7110,Strépy-Bracquegnies,Oui,Hainaut
7120,Croix-Lez-Rouveroy,Oui,Hainaut
7120,ESTINNES,Non,Hainaut
7120,Estinnes-Au-Mont,Oui,Hainaut
7120,Estinnes-Au-Val,Oui,Hainaut
7120,Fauroeulx,Oui,Hainaut
7120,Haulchin,Oui,Hainaut
7120,Peissant,Oui,Hainaut
7120,Rouveroy,Oui,Hainaut
7120,Vellereille-Le-Sec,Oui,Hainaut
7120,Vellereille-Les-Brayeux,Oui,Hainaut
7130,Battignies,Oui,Hainaut
7130,BINCHE,Non,Hainaut
7130,Bray,Oui,Hainaut
7131,Waudrez,Oui,Hainaut
7133,Buvrinnes,Oui,Hainaut
7134,Epinois,Oui,Hainaut
7134,Leval-Trahegnies,Oui,Hainaut
7134,Péronnes-Lez-Binche,Oui,Hainaut
7134,Ressaix,Oui,Hainaut
7140,MORLANWELZ,Non,Hainaut
7140,Morlanwelz-Mariemont,Oui,Hainaut
7141,Carnières,Oui,Hainaut
7141,Mont-Sainte-Aldegonde,Oui,Hainaut
7160,CHAPELLE-LEZ-HERLAIMONT,Non,Hainaut
7160,Godarville,Oui,Hainaut
7160,Piéton,Oui,Hainaut
7170,Bellecourt,Oui,Hainaut
7170,Bois-D'Haine,Oui,Hainaut
7170,Fayt-Lez-Manage,Oui,Hainaut
7170,La Hestre,Oui,Hainaut
7170,MANAGE,Non,Hainaut
7180,SENEFFE,Non,Hainaut
7181,Arquennes,Oui,Hainaut
7181,Familleureux,Oui,Hainaut
7181,Feluy,Oui,Hainaut
7181,Petit-Roeulx-Lez-Nivelles,Oui,Hainaut
7190,ECAUSSINNES,Non,Hainaut
7190,Ecaussinnes-D'Enghien,Oui,Hainaut
7190,Marche-Lez-Ecaussinnes,Oui,Hainaut
7191,Ecaussinnes-Lalaing,Oui,Hainaut
7300,BOUSSU,Non,Hainaut
7301,Hornu,Oui,Hainaut
7320,BERNISSART,Non,Hainaut
7321,Blaton,Oui,Hainaut
7321,Harchies,Oui,Hainaut
7322,Pommeroeul,Oui,Hainaut
7322,Ville-Pommeroeul,Oui,Hainaut
7330,SAINT-GHISLAIN,Non,Hainaut
7331,Baudour,Oui,Hainaut
7332,Neufmaison,Oui,Hainaut
7332,Sirault,Oui,Hainaut
7333,Tertre,Oui,Hainaut
7334,Hautrage,Oui,Hainaut
7334,Villerot,Oui,Hainaut
7340,COLFONTAINE,Non,Hainaut
7340,Paturages,Oui,Hainaut
7340,Warquignies,Oui,Hainaut
7340,Wasmes,Oui,Hainaut
7350,Hainin,Oui,Hainaut
7350,HENSIES,Non,Hainaut
7350,Montroeul-Sur-Haine,Oui,Hainaut
7350,Thulin,Oui,Hainaut
7370,Blaugies,Oui,Hainaut
7370,DOUR,Non,Hainaut
7370,Elouges,Oui,Hainaut
7370,Wihéries,Oui,Hainaut
7380,Baisieux,Oui,Hainaut
7380,QUIÉVRAIN,Non,Hainaut
7382,Audregnies,Oui,Hainaut
7387,Angre,Oui,Hainaut
7387,Angreau,Oui,Hainaut
7387,Athis,Oui,Hainaut
7387,Autreppe,Oui,Hainaut
7387,Erquennes,Oui,Hainaut
7387,Fayt-Le-Franc,Oui,Hainaut
7387,HONNELLES,Non,Hainaut
7387,Marchipont,Oui,Hainaut
7387,Montignies-Sur-Roc,Oui,Hainaut
7387,Onnezies,Oui,Hainaut
7387,Roisin,Oui,Hainaut
7390,QUAREGNON,Non,Hainaut
7390,Wasmuel,Oui,Hainaut
7500,Ere,Oui,Hainaut
7500,Saint-Maur,Oui,Hainaut
7500,TOURNAI,Non,Hainaut
7501,Orcq,Oui,Hainaut
7502,Esplechin,Oui,Hainaut
7503,Froyennes,Oui,Hainaut
7504,Froidmont,Oui,Hainaut
7506,Willemeau,Oui,Hainaut
7510,3 Suisses,,
7511,Vitrine Magique,,
7512,Yves Rocher,,
7513,Yves Rocher,,
7520,Ramegnies-Chin,Oui,Hainaut
7520,Templeuve,Oui,Hainaut
7521,Chercq,Oui,Hainaut
7522,Blandain,Oui,Hainaut
7522,Hertain,Oui,Hainaut
7522,Lamain,Oui,Hainaut
7522,Marquain,Oui,Hainaut
7530,Gaurain-Ramecroix,Oui,Hainaut
7531,Havinnes,Oui,Hainaut
7532,Beclers,Oui,Hainaut
7533,Thimougies,Oui,Hainaut
7534,Barry,Oui,Hainaut
7534,Maulde,Oui,Hainaut
7536,Vaulx,Oui,Hainaut
7538,Vezon,Oui,Hainaut
7540,Kain,Oui,Hainaut
7540,Melles,Oui,Hainaut
7540,Quartes,Oui,Hainaut
7540,Rumillies,Oui,Hainaut
7542,Mont-Saint-Aubert,Oui,Hainaut
7543,Mourcourt,Oui,Hainaut
7548,Warchin,Oui,Hainaut
7600,PÉRUWELZ,Non,Hainaut
7601,Roucourt,Oui,Hainaut
7602,Bury,Oui,Hainaut
7603,Bon-Secours,Oui,Hainaut
7604,Baugnies,Oui,Hainaut
7604,Braffe,Oui,Hainaut
7604,Brasmenil,Oui,Hainaut
7604,Callenelle,Oui,Hainaut
7604,Wasmes-Audemez-Briffoeil,Oui,Hainaut
7608,Wiers,Oui,Hainaut
7610,RUMES,Non,Hainaut
7611,La Glanerie,Oui,Hainaut
7618,Taintignies,Oui,Hainaut
7620,Bléharies,Oui,Hainaut
7620,BRUNEHAUT,Non,Hainaut
7620,Guignies,Oui,Hainaut
7620,Hollain,Oui,Hainaut
7620,Jollain-Merlin,Oui,Hainaut
7620,Wez-Velvain,Oui,Hainaut
7621,Lesdain,Oui,Hainaut
7622,Laplaigne,Oui,Hainaut
7623,Rongy,Oui,Hainaut
7624,Howardries,Oui,Hainaut
7640,ANTOING,Non,Hainaut
7640,Maubray,Oui,Hainaut
7640,Péronnes-Lez-Antoing,Oui,Hainaut
7641,Bruyelle,Oui,Hainaut
7642,Calonne,Oui,Hainaut
7643,Fontenoy,Oui,Hainaut
7700,Luingne,Oui,Hainaut
7700,MOUSCRON,Non,Hainaut
7711,Dottignies,Oui,Hainaut
7712,Herseaux,Oui,Hainaut
7730,Bailleul,Oui,Hainaut
7730,Estaimbourg,Oui,Hainaut
7730,ESTAIMPUIS,Non,Hainaut
7730,Evregnies,Oui,Hainaut
7730,Leers-Nord,Oui,Hainaut
7730,Néchin,Oui,Hainaut
7730,Saint-Léger,Oui,Hainaut
7740,PECQ,Non,Hainaut
7740,Warcoing,Oui,Hainaut
7742,Hérinnes-Lez-Pecq,Oui,Hainaut
7743,Esquelmes,Oui,Hainaut
7743,Obigies,Oui,Hainaut
7750,Amougies,Oui,Hainaut
7750,Anseroeul,Oui,Hainaut
7750,MONT-DE-L'ENCLUS,Non,Hainaut
7750,Orroir,Oui,Hainaut
7750,Russeignies,Oui,Hainaut
7760,CELLES,Non,Hainaut
7760,Escanaffles,Oui,Hainaut
7760,Molenbaix,Oui,Hainaut
7760,Popuelles,Oui,Hainaut
7760,Pottes,Oui,Hainaut
7760,Velaines,Oui,Hainaut
7780,Comines,Oui,Hainaut
7780,COMINES-WARNETON,Non,Hainaut
7781,Houthem,Oui,Hainaut
7782,Ploegsteert,Oui,Hainaut
7783,Bizet,Oui,Hainaut
7784,Bas-Warneton,Oui,Hainaut
7784,Warneton,Oui,Hainaut
7800,ATH,Non,Hainaut
7800,Lanquesaint,Oui,Hainaut
7801,Irchonwelz,Oui,Hainaut
7802,Ormeignies,Oui,Hainaut
7803,Bouvignies,Oui,Hainaut
7804,Ostiches,Oui,Hainaut
7804,Rebaix,Oui,Hainaut
7810,Maffle,Oui,Hainaut
7811,Arbre,Oui,Hainaut
7812,Houtaing,Oui,Hainaut
7812,Ligne,Oui,Hainaut
7812,Mainvault,Oui,Hainaut
7812,Moulbaix,Oui,Hainaut
7812,Villers-Notre-Dame,Oui,Hainaut
7812,Villers-Saint-Amand,Oui,Hainaut
7822,Ghislenghien,Oui,Hainaut
7822,Isières,Oui,Hainaut
7822,Meslin-L'Evêque,Oui,Hainaut
7823,Gibecq,Oui,Hainaut
7830,Bassilly,Oui,Hainaut
7830,Fouleng,Oui,Hainaut
7830,Gondregnies,Oui,Hainaut
7830,Graty,Oui,Hainaut
7830,Hellebecq,Oui,Hainaut
7830,Hoves,Oui,Hainaut
7830,SILLY,Non,Hainaut
7830,Thoricourt,Oui,Hainaut
7850,ENGHIEN,Non,Hainaut
7850,Marcq,Oui,Hainaut
7850,Petit-Enghien,Oui,Hainaut
7860,LESSINES,Non,Hainaut
7861,Papignies,Oui,Hainaut
7861,Wannebecq,Oui,Hainaut
7862,Ogy,Oui,Hainaut
7863,Ghoy,Oui,Hainaut
7864,Deux-Acren,Oui,Hainaut
7866,Bois-De-Lessines,Oui,Hainaut
7866,Ollignies,Oui,Hainaut
7870,Bauffe,Oui,Hainaut
7870,Cambron-Saint-Vincent,Oui,Hainaut
7870,LENS,Non,Hainaut
7870,Lombise,Oui,Hainaut
7870,Montignies-Lez-Lens,Oui,Hainaut
7880,FLOBECQ,Non,Hainaut
7890,ELLEZELLES,Non,Hainaut
7890,Lahamaide,Oui,Hainaut
7890,Wodecq,Oui,Hainaut
7900,Grandmetz,Oui,Hainaut
7900,LEUZE-EN-HAINAUT,Non,Hainaut
7901,Thieulain,Oui,Hainaut
7903,Blicquy,Oui,Hainaut
7903,Chapelle-À-Oie,Oui,Hainaut
7903,Chapelle-À-Wattines,Oui,Hainaut
7904,Pipaix,Oui,Hainaut
7904,Tourpes,Oui,Hainaut
7904,Willaupuis,Oui,Hainaut
7906,Gallaix,Oui,Hainaut
7910,Anvaing,Oui,Hainaut
7910,Arc-Ainières,Oui,Hainaut
7910,Arc-Wattripont,Oui,Hainaut
7910,Cordes,Oui,Hainaut
7910,Ellignies-Lez-Frasnes,Oui,Hainaut
7910,Forest,Oui,Hainaut
7910,FRASNES-LEZ-ANVAING,Non,Hainaut
7910,Wattripont,Oui,Hainaut
7911,Buissenal,Oui,Hainaut
7911,Frasnes-Lez-Buissenal,Oui,Hainaut
7911,Hacquegnies,Oui,Hainaut
7911,Herquegies,Oui,Hainaut
7911,Montroeul-Au-Bois,Oui,Hainaut
7911,Moustier,Oui,Hainaut
7911,Oeudeghien,Oui,Hainaut
7912,Dergneau,Oui,Hainaut
7912,Saint-Sauveur,Oui,Hainaut
7940,BRUGELETTE,Non,Hainaut
7940,Cambron-Casteau,Oui,Hainaut
7941,Attre,Oui,Hainaut
7942,Mévergnies-Lez-Lens,Oui,Hainaut
7943,Gages,Oui,Hainaut
7950,CHIÈVRES,Non,Hainaut
7950,Grosage,Oui,Hainaut
7950,Huissignies,Oui,Hainaut
7950,Ladeuze,Oui,Hainaut
7950,Tongre-Saint-Martin,Oui,Hainaut
7951,Tongre-Notre-Dame,Oui,Hainaut
7970,BELOEIL,Non,Hainaut
7971,Basècles,Oui,Hainaut
7971,Ramegnies,Oui,Hainaut
7971,Thumaide,Oui,Hainaut
7971,Wadelincourt,Oui,Hainaut
7972,Aubechies,Oui,Hainaut
7972,Ellignies-Saint-Anne,Oui,Hainaut
7972,Quevaucamps,Oui,Hainaut
7973,Grandglise,Oui,Hainaut
7973,Stambruges,Oui,Hainaut
8000,BRUGGE,Non,Flandre-Occidentale
8000,Koolkerke,Oui,Flandre-Occidentale
8020,Hertsberge,Oui,Flandre-Occidentale
8020,OOSTKAMP,Non,Flandre-Occidentale
8020,Ruddervoorde,Oui,Flandre-Occidentale
8020,Waardamme,Oui,Flandre-Occidentale
8200,Sint-Andries,Oui,Flandre-Occidentale
8200,Sint-Michiels,Oui,Flandre-Occidentale
8210,Loppem,Oui,Flandre-Occidentale
8210,Veldegem,Oui,Flandre-Occidentale
8210,ZEDELGEM,Non,Flandre-Occidentale
8211,Aartrijke,Oui,Flandre-Occidentale
8300,Knokke,Oui,Flandre-Occidentale
8300,KNOKKE-HEIST,Non,Flandre-Occidentale
8300,Westkapelle,Oui,Flandre-Occidentale
8301,Heist-Aan-Zee,Oui,Flandre-Occidentale
8301,Ramskapelle,Oui,Flandre-Occidentale
8310,Assebroek,Oui,Flandre-Occidentale
8310,Sint-Kruis,Oui,Flandre-Occidentale
8340,DAMME,Non,Flandre-Occidentale
8340,Hoeke,Oui,Flandre-Occidentale
8340,Lapscheure,Oui,Flandre-Occidentale
8340,Moerkerke,Oui,Flandre-Occidentale
8340,Oostkerke,Oui,Flandre-Occidentale
8340,Sijsele,Oui,Flandre-Occidentale
8370,BLANKENBERGE,Non,Flandre-Occidentale
8370,Uitkerke,Oui,Flandre-Occidentale
8377,Houtave,Oui,Flandre-Occidentale
8377,Meetkerke,Oui,Flandre-Occidentale
8377,Nieuwmunster,Oui,Flandre-Occidentale
8377,ZUIENKERKE,Non,Flandre-Occidentale
8380,Dudzele,Oui,Flandre-Occidentale
8380,Lissewege,Oui,Flandre-Occidentale
8380,Zeebrugge,Oui,Flandre-Occidentale
8400,OOSTENDE,Non,Flandre-Occidentale
8400,Stene,Oui,Flandre-Occidentale
8400,Zandvoorde,Oui,Flandre-Occidentale
8420,DE HAAN,Non,Flandre-Occidentale
8420,Klemskerke,Oui,Flandre-Occidentale
8420,Wenduine,Oui,Flandre-Occidentale
8421,Vlissegem,Oui,Flandre-Occidentale
8430,MIDDELKERKE,Non,Flandre-Occidentale
8431,Wilskerke,Oui,Flandre-Occidentale
8432,Leffinge,Oui,Flandre-Occidentale
8433,Mannekensvere,Oui,Flandre-Occidentale
8433,Schore,Oui,Flandre-Occidentale
8433,Sint-Pieters-Kapelle,Oui,Flandre-Occidentale
8433,Slijpe,Oui,Flandre-Occidentale
8434,Lombardsijde,Oui,Flandre-Occidentale
8434,Westende,Oui,Flandre-Occidentale
8450,BREDENE,Non,Flandre-Occidentale
8460,Ettelgem,Oui,Flandre-Occidentale
8460,OUDENBURG,Non,Flandre-Occidentale
8460,Roksem,Oui,Flandre-Occidentale
8460,Westkerke,Oui,Flandre-Occidentale
8470,GISTEL,Non,Flandre-Occidentale
8470,Moere,Oui,Flandre-Occidentale
8470,Snaaskerke,Oui,Flandre-Occidentale
8470,Zevekote,Oui,Flandre-Occidentale
8480,Bekegem,Oui,Flandre-Occidentale
8480,Eernegem,Oui,Flandre-Occidentale
8480,ICHTEGEM,Non,Flandre-Occidentale
8490,JABBEKE,Non,Flandre-Occidentale
8490,Snellegem,Oui,Flandre-Occidentale
8490,Stalhille,Oui,Flandre-Occidentale
8490,Varsenare,Oui,Flandre-Occidentale
8490,Zerkegem,Oui,Flandre-Occidentale
8500,KORTRIJK,Non,Flandre-Occidentale
8501,Bissegem,Oui,Flandre-Occidentale
8501,Heule,Oui,Flandre-Occidentale
8510,Bellegem,Oui,Flandre-Occidentale
8510,Kooigem,Oui,Flandre-Occidentale
8510,Marke,Oui,Flandre-Occidentale
8510,Rollegem,Oui,Flandre-Occidentale
8511,Aalbeke,Oui,Flandre-Occidentale
8520,KUURNE,Non,Flandre-Occidentale
8530,HARELBEKE,Non,Flandre-Occidentale
8531,Bavikhove,Oui,Flandre-Occidentale
8531,Hulste,Oui,Flandre-Occidentale
8540,DEERLIJK,Non,Flandre-Occidentale
8550,ZWEVEGEM,Non,Flandre-Occidentale
8551,Heestert,Oui,Flandre-Occidentale
8552,Moen,Oui,Flandre-Occidentale
8553,Otegem,Oui,Flandre-Occidentale
8554,Sint-Denijs,Oui,Flandre-Occidentale
8560,Gullegem,Oui,Flandre-Occidentale
8560,Moorsele,Oui,Flandre-Occidentale
8560,WEVELGEM,Non,Flandre-Occidentale
8570,ANZEGEM,Non,Flandre-Occidentale
8570,Gijzelbrechtegem,Oui,Flandre-Occidentale
8570,Ingooigem,Oui,Flandre-Occidentale
8570,Vichte,Oui,Flandre-Occidentale
8572,Kaster,Oui,Flandre-Occidentale
8573,Tiegem,Oui,Flandre-Occidentale
8580,AVELGEM,Non,Flandre-Occidentale
8581,Kerkhove,Oui,Flandre-Occidentale
8581,Waarmaarde,Oui,Flandre-Occidentale
8582,Outrijve,Oui,Flandre-Occidentale
8583,Bossuit,Oui,Flandre-Occidentale
8587,Espierres,Oui,Flandre-Occidentale
8587,ESPIERRES-HELCHIN,Non,Flandre-Occidentale
8587,Helchin,Oui,Flandre-Occidentale
8600,Beerst,Oui,Flandre-Occidentale
8600,DIKSMUIDE,Non,Flandre-Occidentale
8600,Driekapellen,Oui,Flandre-Occidentale
8600,Esen,Oui,Flandre-Occidentale
8600,Kaaskerke,Oui,Flandre-Occidentale
8600,Keiem,Oui,Flandre-Occidentale
8600,Lampernisse,Oui,Flandre-Occidentale
8600,Leke,Oui,Flandre-Occidentale
8600,Nieuwkapelle,Oui,Flandre-Occidentale
8600,Oostkerke,Oui,Flandre-Occidentale
8600,Oudekapelle,Oui,Flandre-Occidentale
8600,Pervijze,Oui,Flandre-Occidentale
8600,Sint-Jacobs-Kapelle,Oui,Flandre-Occidentale
8600,Stuivekenskerke,Oui,Flandre-Occidentale
8600,Vladslo,Oui,Flandre-Occidentale
8600,Woumen,Oui,Flandre-Occidentale
8610,Handzame,Oui,Flandre-Occidentale
8610,KORTEMARK,Non,Flandre-Occidentale
8610,Werken,Oui,Flandre-Occidentale
8610,Zarren,Oui,Flandre-Occidentale
8620,NIEUWPOORT,Non,Flandre-Occidentale
8620,Ramskapelle,Oui,Flandre-Occidentale
8620,Sint-Joris,Oui,Flandre-Occidentale
8630,Avekapelle,Oui,Flandre-Occidentale
8630,Booitshoeke,Oui,Flandre-Occidentale
8630,Bulskamp,Oui,Flandre-Occidentale
8630,De Moeren,Oui,Flandre-Occidentale
8630,Eggewaartskapelle,Oui,Flandre-Occidentale
8630,Houtem,Oui,Flandre-Occidentale
8630,Steenkerke,Oui,Flandre-Occidentale
8630,VEURNE,Non,Flandre-Occidentale
8630,Vinkem,Oui,Flandre-Occidentale
8630,Wulveringem,Oui,Flandre-Occidentale
8630,Zoutenaaie,Oui,Flandre-Occidentale
8640,Oostvleteren,Oui,Flandre-Occidentale
8640,VLETEREN,Non,Flandre-Occidentale
8640,Westvleteren,Oui,Flandre-Occidentale
8640,Woesten,Oui,Flandre-Occidentale
8647,Lo,Oui,Flandre-Occidentale
8647,LO-RENINGE,Non,Flandre-Occidentale
8647,Noordschote,Oui,Flandre-Occidentale
8647,Pollinkhove,Oui,Flandre-Occidentale
8647,Reninge,Oui,Flandre-Occidentale
8650,HOUTHULST,Non,Flandre-Occidentale
8650,Klerken,Oui,Flandre-Occidentale
8650,Merkem,Oui,Flandre-Occidentale
8660,Adinkerke,Oui,Flandre-Occidentale
8660,DE PANNE,Non,Flandre-Occidentale
8670,KOKSIJDE,Non,Flandre-Occidentale
8670,Oostduinkerke,Oui,Flandre-Occidentale
8670,Wulpen,Oui,Flandre-Occidentale
8680,Bovekerke,Oui,Flandre-Occidentale
8680,KOEKELARE,Non,Flandre-Occidentale
8680,Zande,Oui,Flandre-Occidentale
8690,ALVERINGEM,Non,Flandre-Occidentale
8690,Hoogstade,Oui,Flandre-Occidentale
8690,Oeren,Oui,Flandre-Occidentale
8690,Sint-Rijkers,Oui,Flandre-Occidentale
8691,Beveren-Aan-De-Ijzer,Oui,Flandre-Occidentale
8691,Gijverinkhove,Oui,Flandre-Occidentale
8691,Izenberge,Oui,Flandre-Occidentale
8691,Leisele,Oui,Flandre-Occidentale
8691,Stavele,Oui,Flandre-Occidentale
8700,Aarsele,Oui,Flandre-Occidentale
8700,Kanegem,Oui,Flandre-Occidentale
8700,Schuiferskapelle,Oui,Flandre-Occidentale
8700,TIELT,Non,Flandre-Occidentale
8710,Ooigem,Oui,Flandre-Occidentale
8710,Sint-Baafs-Vijve,Oui,Flandre-Occidentale
8710,WIELSBEKE,Non,Flandre-Occidentale
8720,DENTERGEM,Non,Flandre-Occidentale
8720,Markegem,Oui,Flandre-Occidentale
8720,Oeselgem,Oui,Flandre-Occidentale
8720,Wakken,Oui,Flandre-Occidentale
8730,BEERNEM,Non,Flandre-Occidentale
8730,Oedelem,Oui,Flandre-Occidentale
8730,Sint-Joris,Oui,Flandre-Occidentale
8740,Egem,Oui,Flandre-Occidentale
8740,PITTEM,Non,Flandre-Occidentale
8750,WINGENE,Non,Flandre-Occidentale
8750,Zwevezele,Oui,Flandre-Occidentale
8755,RUISELEDE,Non,Flandre-Occidentale
8760,MEULEBEKE,Non,Flandre-Occidentale
8770,INGELMUNSTER,Non,Flandre-Occidentale
8780,OOSTROZEBEKE,Non,Flandre-Occidentale
8790,WAREGEM,Non,Flandre-Occidentale
8791,Beveren,Oui,Flandre-Occidentale
8792,Desselgem,Oui,Flandre-Occidentale
8793,Sint-Eloois-Vijve,Oui,Flandre-Occidentale
8800,Beveren,Oui,Flandre-Occidentale
8800,Oekene,Oui,Flandre-Occidentale
8800,ROESELARE,Non,Flandre-Occidentale
8800,Rumbeke,Oui,Flandre-Occidentale
8810,LICHTERVELDE,Non,Flandre-Occidentale
8820,TORHOUT,Non,Flandre-Occidentale
8830,Gits,Oui,Flandre-Occidentale
8830,HOOGLEDE,Non,Flandre-Occidentale
8840,Oostnieuwkerke,Oui,Flandre-Occidentale
8840,STADEN,Non,Flandre-Occidentale
8840,Westrozebeke,Oui,Flandre-Occidentale
8850,ARDOOIE,Non,Flandre-Occidentale
8851,Koolskamp,Oui,Flandre-Occidentale
8860,LENDELEDE,Non,Flandre-Occidentale
8870,Emelgem,Oui,Flandre-Occidentale
8870,IZEGEM,Non,Flandre-Occidentale
8870,Kachtem,Oui,Flandre-Occidentale
8880,LEDEGEM,Non,Flandre-Occidentale
8880,Rollegem-Kapelle,Oui,Flandre-Occidentale
8880,Sint-Eloois-Winkel,Oui,Flandre-Occidentale
8890,Dadizele,Oui,Flandre-Occidentale
8890,MOORSLEDE,Non,Flandre-Occidentale
8900,Brielen,Oui,Flandre-Occidentale
8900,Dikkebus,Oui,Flandre-Occidentale
8900,IEPER,Non,Flandre-Occidentale
8900,Sint-Jan,Oui,Flandre-Occidentale
8902,Hollebeke,Oui,Flandre-Occidentale
8902,Voormezele,Oui,Flandre-Occidentale
8902,Zillebeke,Oui,Flandre-Occidentale
8904,Boezinge,Oui,Flandre-Occidentale
8904,Zuidschote,Oui,Flandre-Occidentale
8906,Elverdinge,Oui,Flandre-Occidentale
8908,Vlamertinge,Oui,Flandre-Occidentale
8920,Bikschote,Oui,Flandre-Occidentale
8920,Langemark,Oui,Flandre-Occidentale
8920,LANGEMARK-POELKAPELLE,Non,Flandre-Occidentale
8920,Poelkapelle,Oui,Flandre-Occidentale
8930,Lauwe,Oui,Flandre-Occidentale
8930,MENEN,Non,Flandre-Occidentale
8930,Rekkem,Oui,Flandre-Occidentale
8940,Geluwe,Oui,Flandre-Occidentale
8940,WERVIK,Non,Flandre-Occidentale
8950,HEUVELLAND,Non,Flandre-Occidentale
8950,Nieuwkerke,Oui,Flandre-Occidentale
8951,Dranouter,Oui,Flandre-Occidentale
8952,Wulvergem,Oui,Flandre-Occidentale
8953,Wijtschate,Oui,Flandre-Occidentale
8954,Westouter,Oui,Flandre-Occidentale
8956,Kemmel,Oui,Flandre-Occidentale
8957,MESSINES,Non,Flandre-Occidentale
8958,Loker,Oui,Flandre-Occidentale
8970,POPERINGE,Non,Flandre-Occidentale
8970,Reningelst,Oui,Flandre-Occidentale
8972,Krombeke,Oui,Flandre-Occidentale
8972,Proven,Oui,Flandre-Occidentale
8972,Roesbrugge-Haringe,Oui,Flandre-Occidentale
8978,Watou,Oui,Flandre-Occidentale
8980,Beselare,Oui,Flandre-Occidentale
8980,Geluveld,Oui,Flandre-Occidentale
8980,Passendale,Oui,Flandre-Occidentale
8980,Zandvoorde,Oui,Flandre-Occidentale
8980,ZONNEBEKE,Non,Flandre-Occidentale
9000,GENT,Non,Flandre-Orientale
9030,Mariakerke,Oui,Flandre-Orientale
9031,Drongen,Oui,Flandre-Orientale
9032,Wondelgem,Oui,Flandre-Orientale
9040,Sint-Amandsberg,Oui,Flandre-Orientale
9041,Oostakker,Oui,Flandre-Orientale
9042,Desteldonk,Oui,Flandre-Orientale
9042,Mendonk,Oui,Flandre-Orientale
9042,Sint-Kruis-Winkel,Oui,Flandre-Orientale
9050,Gentbrugge,Oui,Flandre-Orientale
9050,Ledeberg,Oui,Flandre-Orientale
9051,Afsnee,Oui,Flandre-Orientale
9051,Sint-Denijs-Westrem,Oui,Flandre-Orientale
9052,Zwijnaarde,Oui,Flandre-Orientale
9060,ZELZATE,Non,Flandre-Orientale
9070,DESTELBERGEN,Non,Flandre-Orientale
9070,Heusden,Oui,Flandre-Orientale
9075,CSM Gent X,,
9080,Beervelde,Oui,Flandre-Orientale
9080,LOCHRISTI,Non,Flandre-Orientale
9080,Zaffelare,Oui,Flandre-Orientale
9080,Zeveneken,Oui,Flandre-Orientale
9090,Gontrode,Oui,Flandre-Orientale
9090,MELLE,Non,Flandre-Orientale
9099,Gent X,,
9100,Nieuwkerken-Waas,Oui,Flandre-Orientale
9100,SINT-NIKLAAS,Non,Flandre-Orientale
9111,Belsele,Oui,Flandre-Orientale
9112,Sinaai-Waas,Oui,Flandre-Orientale
9120,BEVEREN-WAAS,Non,Flandre-Orientale
9120,Haasdonk,Oui,Flandre-Orientale
9120,Kallo,Oui,Flandre-Orientale
9120,Melsele,Oui,Flandre-Orientale
9120,Vrasene,Oui,Flandre-Orientale
9130,Doel,Oui,Flandre-Orientale
9130,Kallo,Oui,Flandre-Orientale
9130,Kieldrecht,Oui,Flandre-Orientale
9130,Verrebroek,Oui,Flandre-Orientale
9140,Elversele,Oui,Flandre-Orientale
9140,Steendorp,Oui,Flandre-Orientale
9140,TEMSE,Non,Flandre-Orientale
9140,Tielrode,Oui,Flandre-Orientale
9150,Bazel,Oui,Flandre-Orientale
9150,KRUIBEKE,Non,Flandre-Orientale
9150,Rupelmonde,Oui,Flandre-Orientale
9160,Daknam,Oui,Flandre-Orientale
9160,Eksaarde,Oui,Flandre-Orientale
9160,LOKEREN,Non,Flandre-Orientale
9170,De Klinge,Oui,Flandre-Orientale
9170,Meerdonk,Oui,Flandre-Orientale
9170,SINT-GILLIS-WAAS,Non,Flandre-Orientale
9170,Sint-Pauwels,Oui,Flandre-Orientale
9180,MOERBEKE-WAAS,Non,Flandre-Orientale
9185,WACHTEBEKE,Non,Flandre-Orientale
9190,Kemzeke,Oui,Flandre-Orientale
9190,STEKENE,Non,Flandre-Orientale
9200,Appels,Oui,Flandre-Orientale
9200,Baasrode,Oui,Flandre-Orientale
9200,DENDERMONDE,Non,Flandre-Orientale
9200,Grembergen,Oui,Flandre-Orientale
9200,Mespelare,Oui,Flandre-Orientale
9200,Oudegem,Oui,Flandre-Orientale
9200,Schoonaarde,Oui,Flandre-Orientale
9200,Sint-Gillis-Dendermonde,Oui,Flandre-Orientale
9220,HAMME,Non,Flandre-Orientale
9220,Moerzeke,Oui,Flandre-Orientale
9230,Massemen,Oui,Flandre-Orientale
9230,Westrem,Oui,Flandre-Orientale
9230,WETTEREN,Non,Flandre-Orientale
9240,ZELE,Non,Flandre-Orientale
9250,WAASMUNSTER,Non,Flandre-Orientale
9255,BUGGENHOUT,Non,Flandre-Orientale
9255,Opdorp,Oui,Flandre-Orientale
9260,Schellebelle,Oui,Flandre-Orientale
9260,Serskamp,Oui,Flandre-Orientale
9260,WICHELEN,Non,Flandre-Orientale
9270,Kalken,Oui,Flandre-Orientale
9270,LAARNE,Non,Flandre-Orientale
9280,Denderbelle,Oui,Flandre-Orientale
9280,LEBBEKE,Non,Flandre-Orientale
9280,Wieze,Oui,Flandre-Orientale
9290,BERLARE,Non,Flandre-Orientale
9290,Overmere,Oui,Flandre-Orientale
9290,Uitbergen,Oui,Flandre-Orientale
9300,AALST,Non,Flandre-Orientale
9308,Gijzegem,Oui,Flandre-Orientale
9308,Hofstade,Oui,Flandre-Orientale
9310,Baardegem,Oui,Flandre-Orientale
9310,Herdersem,Oui,Flandre-Orientale
9310,Meldert,Oui,Flandre-Orientale
9310,Moorsel,Oui,Flandre-Orientale
9320,Erembodegem,Oui,Flandre-Orientale
9320,Nieuwerkerken,Oui,Flandre-Orientale
9340,Impe,Oui,Flandre-Orientale
9340,LEDE,Non,Flandre-Orientale
9340,Oordegem,Oui,Flandre-Orientale
9340,Smetlede,Oui,Flandre-Orientale
9340,Wanzele,Oui,Flandre-Orientale
9400,Appelterre-Eichem,Oui,Flandre-Orientale
9400,Denderwindeke,Oui,Flandre-Orientale
9400,Lieferinge,Oui,Flandre-Orientale
9400,Nederhasselt,Oui,Flandre-Orientale
9400,NINOVE,Non,Flandre-Orientale
9400,Okegem,Oui,Flandre-Orientale
9400,Voorde,Oui,Flandre-Orientale
9401,Pollare,Oui,Flandre-Orientale
9402,Meerbeke,Oui,Flandre-Orientale
9403,Neigem,Oui,Flandre-Orientale
9404,Aspelare,Oui,Flandre-Orientale
9406,Outer,Oui,Flandre-Orientale
9420,Aaigem,Oui,Flandre-Orientale
9420,Bambrugge,Oui,Flandre-Orientale
9420,Burst,Oui,Flandre-Orientale
9420,Erondegem,Oui,Flandre-Orientale
9420,Erpe,Oui,Flandre-Orientale
9420,ERPE-MERE,Non,Flandre-Orientale
9420,Mere,Oui,Flandre-Orientale
9420,Ottergem,Oui,Flandre-Orientale
9420,Vlekkem,Oui,Flandre-Orientale
9450,Denderhoutem,Oui,Flandre-Orientale
9450,HAALTERT,Non,Flandre-Orientale
9450,Heldergem,Oui,Flandre-Orientale
9451,Kerksken,Oui,Flandre-Orientale
9470,DENDERLEEUW,Non,Flandre-Orientale
9472,Iddergem,Oui,Flandre-Orientale
9473,Welle,Oui,Flandre-Orientale
9500,GERAARDSBERGEN,Non,Flandre-Orientale
9500,Goeferdinge,Oui,Flandre-Orientale
9500,Moerbeke,Oui,Flandre-Orientale
9500,Nederboelare,Oui,Flandre-Orientale
9500,Onkerzele,Oui,Flandre-Orientale
9500,Ophasselt,Oui,Flandre-Orientale
9500,Overboelare,Oui,Flandre-Orientale
9500,Viane,Oui,Flandre-Orientale
9500,Zarlardinge,Oui,Flandre-Orientale
9506,Grimminge,Oui,Flandre-Orientale
9506,Idegem,Oui,Flandre-Orientale
9506,Nieuwenhove,Oui,Flandre-Orientale
9506,Schendelbeke,Oui,Flandre-Orientale
9506,Smeerebbe-Vloerzegem,Oui,Flandre-Orientale
9506,Waarbeke,Oui,Flandre-Orientale
9506,Zandbergen,Oui,Flandre-Orientale
9520,Bavegem,Oui,Flandre-Orientale
9520,Oombergen,Oui,Flandre-Orientale
9520,SINT-LIEVENS-HOUTEM,Non,Flandre-Orientale
9520,Vlierzele,Oui,Flandre-Orientale
9520,Zonnegem,Oui,Flandre-Orientale
9521,Letterhoutem,Oui,Flandre-Orientale
9550,HERZELE,Non,Flandre-Orientale
9550,Hillegem,Oui,Flandre-Orientale
9550,Sint-Antelinks,Oui,Flandre-Orientale
9550,Sint-Lievens-Esse,Oui,Flandre-Orientale
9550,Steenhuize-Wijnhuize,Oui,Flandre-Orientale
9550,Woubrechtegem,Oui,Flandre-Orientale
9551,Ressegem,Oui,Flandre-Orientale
9552,Borsbeke,Oui,Flandre-Orientale
9570,Deftinge,Oui,Flandre-Orientale
9570,LIERDE,Non,Flandre-Orientale
9570,Sint-Maria-Lierde,Oui,Flandre-Orientale
9571,Hemelveerdegem,Oui,Flandre-Orientale
9572,Sint-Martens-Lierde,Oui,Flandre-Orientale
9600,RENAIX,Non,Flandre-Orientale
9620,Elene,Oui,Flandre-Orientale
9620,Erwetegem,Oui,Flandre-Orientale
9620,Godveerdegem,Oui,Flandre-Orientale
9620,Grotenberge,Oui,Flandre-Orientale
9620,Leeuwergem,Oui,Flandre-Orientale
9620,Oombergen,Oui,Flandre-Orientale
9620,Sint-Goriks-Oudenhove,Oui,Flandre-Orientale
9620,Sint-Maria-Oudenhove,Oui,Flandre-Orientale
9620,Strijpen,Oui,Flandre-Orientale
9620,Velzeke-Ruddershove,Oui,Flandre-Orientale
9620,ZOTTEGEM,Non,Flandre-Orientale
9630,Beerlegem,Oui,Flandre-Orientale
9630,Dikkele,Oui,Flandre-Orientale
9630,Hundelgem,Oui,Flandre-Orientale
9630,Meilegem,Oui,Flandre-Orientale
9630,Munkzwalm,Oui,Flandre-Orientale
9630,Paulatem,Oui,Flandre-Orientale
9630,Roborst,Oui,Flandre-Orientale
9630,Rozebeke,Oui,Flandre-Orientale
9630,Sint-Blasius-Boekel,Oui,Flandre-Orientale
9630,Sint-Denijs-Boekel,Oui,Flandre-Orientale
9630,Sint-Maria-Latem,Oui,Flandre-Orientale
9630,ZWALM,Non,Flandre-Orientale
9636,Nederzwalm-Hermelgem,Oui,Flandre-Orientale
9660,BRAKEL,Non,Flandre-Orientale
9660,Elst,Oui,Flandre-Orientale
9660,Everbeek,Oui,Flandre-Orientale
9660,Michelbeke,Oui,Flandre-Orientale
9660,Nederbrakel,Oui,Flandre-Orientale
9660,Opbrakel,Oui,Flandre-Orientale
9660,Sint-Maria-Oudenhove,Oui,Flandre-Orientale
9660,Zegelsem,Oui,Flandre-Orientale
9661,Parike,Oui,Flandre-Orientale
9667,HOREBEKE,Non,Flandre-Orientale
9667,Sint-Kornelis-Horebeke,Oui,Flandre-Orientale
9667,Sint-Maria-Horebeke,Oui,Flandre-Orientale
9680,Etikhove,Oui,Flandre-Orientale
9680,Maarke-Kerkem,Oui,Flandre-Orientale
9680,MAARKEDAL,Non,Flandre-Orientale
9681,Nukerke,Oui,Flandre-Orientale
9688,Schorisse,Oui,Flandre-Orientale
9690,Berchem,Oui,Flandre-Orientale
9690,KLUISBERGEN,Non,Flandre-Orientale
9690,Kwaremont,Oui,Flandre-Orientale
9690,Ruien,Oui,Flandre-Orientale
9690,Zulzeke,Oui,Flandre-Orientale
9700,Bevere,Oui,Flandre-Orientale
9700,Edelare,Oui,Flandre-Orientale
9700,Eine,Oui,Flandre-Orientale
9700,Ename,Oui,Flandre-Orientale
9700,Heurne,Oui,Flandre-Orientale
9700,Leupegem,Oui,Flandre-Orientale
9700,Mater,Oui,Flandre-Orientale
9700,Melden,Oui,Flandre-Orientale
9700,Mullem,Oui,Flandre-Orientale
9700,Nederename,Oui,Flandre-Orientale
9700,Ooike,Oui,Flandre-Orientale
9700,OUDENAARDE,Non,Flandre-Orientale
9700,Volkegem,Oui,Flandre-Orientale
9700,Welden,Oui,Flandre-Orientale
9750,Huise,Oui,Flandre-Orientale
9750,Ouwegem,Oui,Flandre-Orientale
9750,ZINGEM,Non,Flandre-Orientale
9770,KRUISHOUTEM,Non,Flandre-Orientale
9771,Nokere,Oui,Flandre-Orientale
9772,Wannegem-Lede,Oui,Flandre-Orientale
9790,Elsegem,Oui,Flandre-Orientale
9790,Moregem,Oui,Flandre-Orientale
9790,Ooike,Oui,Flandre-Orientale
9790,Petegem-Aan-De-Schelde,Oui,Flandre-Orientale
9790,Wortegem,Oui,Flandre-Orientale
9790,WORTEGEM-PETEGEM,Non,Flandre-Orientale
9800,Astene,Oui,Flandre-Orientale
9800,Bachte-Maria-Leerne,Oui,Flandre-Orientale
9800,DEINZE,Non,Flandre-Orientale
9800,Gottem,Oui,Flandre-Orientale
9800,Grammene,Oui,Flandre-Orientale
9800,Meigem,Oui,Flandre-Orientale
9800,Petegem-Aan-De-Leie,Oui,Flandre-Orientale
9800,Sint-Martens-Leerne,Oui,Flandre-Orientale
9800,Vinkt,Oui,Flandre-Orientale
9800,Wontergem,Oui,Flandre-Orientale
9800,Zeveren,Oui,Flandre-Orientale
9810,Eke,Oui,Flandre-Orientale
9810,NAZARETH,Non,Flandre-Orientale
9820,Bottelare,Oui,Flandre-Orientale
9820,Lemberge,Oui,Flandre-Orientale
9820,Melsen,Oui,Flandre-Orientale
9820,MERELBEKE,Non,Flandre-Orientale
9820,Munte,Oui,Flandre-Orientale
9820,Schelderode,Oui,Flandre-Orientale
9830,SINT-MARTENS-LATEM,Non,Flandre-Orientale
9831,Deurle,Oui,Flandre-Orientale
9840,DE PINTE,Non,Flandre-Orientale
9840,Zevergem,Oui,Flandre-Orientale
9850,Hansbeke,Oui,Flandre-Orientale
9850,Landegem,Oui,Flandre-Orientale
9850,Merendree,Oui,Flandre-Orientale
9850,NEVELE,Non,Flandre-Orientale
9850,Poesele,Oui,Flandre-Orientale
9850,Vosselare,Oui,Flandre-Orientale
9860,Balegem,Oui,Flandre-Orientale
9860,Gijzenzele,Oui,Flandre-Orientale
9860,Landskouter,Oui,Flandre-Orientale
9860,Moortsele,Oui,Flandre-Orientale
9860,OOSTERZELE,Non,Flandre-Orientale
9860,Scheldewindeke,Oui,Flandre-Orientale
9870,Machelen,Oui,Flandre-Orientale
9870,Olsene,Oui,Flandre-Orientale
9870,ZULTE,Non,Flandre-Orientale
9880,AALTER,Non,Flandre-Orientale
9880,Lotenhulle,Oui,Flandre-Orientale
9880,Poeke,Oui,Flandre-Orientale
9881,Bellem,Oui,Flandre-Orientale
9890,Asper,Oui,Flandre-Orientale
9890,Baaigem,Oui,Flandre-Orientale
9890,Dikkelvenne,Oui,Flandre-Orientale
9890,GAVERE,Non,Flandre-Orientale
9890,Semmerzake,Oui,Flandre-Orientale
9890,Vurste,Oui,Flandre-Orientale
9900,EEKLO,Non,Flandre-Orientale
9910,KNESSELARE,Non,Flandre-Orientale
9910,Ursel,Oui,Flandre-Orientale
9920,LOVENDEGEM,Non,Flandre-Orientale
9921,Vinderhoute,Oui,Flandre-Orientale
9930,ZOMERGEM,Non,Flandre-Orientale
9931,Oostwinkel,Oui,Flandre-Orientale
9932,Ronsele,Oui,Flandre-Orientale
9940,Ertvelde,Oui,Flandre-Orientale
9940,EVERGEM,Non,Flandre-Orientale
9940,Kluizen,Oui,Flandre-Orientale
9940,Sleidinge,Oui,Flandre-Orientale
9950,WAARSCHOOT,Non,Flandre-Orientale
9960,ASSENEDE,Non,Flandre-Orientale
9961,Boekhoute,Oui,Flandre-Orientale
9968,Bassevelde,Oui,Flandre-Orientale
9968,Oosteeklo,Oui,Flandre-Orientale
9970,KAPRIJKE,Non,Flandre-Orientale
9971,Lembeke,Oui,Flandre-Orientale
9980,SINT-LAUREINS,Non,Flandre-Orientale
9981,Sint-Margriete,Oui,Flandre-Orientale
9982,Sint-Jan-In-Eremo,Oui,Flandre-Orientale
9988,Waterland-Oudeman,Oui,Flandre-Orientale
9988,Watervliet,Oui,Flandre-Orientale
9990,MALDEGEM,Non,Flandre-Orientale
9991,Adegem,Oui,Flandre-Orientale
9992,Middelburg,Oui,Flandre-Orientale
